Codigo_municipio;Municipios;Temp_min_invierno;Prec_max_invierno;Calidad_vida_media;Poblacion_total;Renta_media;Total_paro_registrado;Paro_hombre_menor_25;Paro_hombre_25_45;Paro_hombre_45+;Paro_mujer_menor_25;Paro_mujer_25_45;Paro_mujer_45+;Paro_agricultura;Paro_industria;Paro_construccion;Paro_servicios;demanda_raw;demanda_score;Demanda
46001;Ademuz;0.8;76.6;0.5758872242744002;1015.0;12544.0;71.0;6.0;9.0;20.0;3.0;17.0;15.0;3.0;8.0;8.0;47.0;0.5196777127666758;0.6826930807837102;4
46002;Ador;0.8;76.6;0.6742105994867315;1755.0;13447.0;80.0;3.0;10.0;21.0;3.0;16.0;31.0;3.0;11.0;8.0;59.0;0.5087367622610515;0.6480866144626286;4
46003;Atzeneta;0.8;76.6;0.5784616364033883;1193.0;12812.0;70.0;3.0;6.0;17.0;3.0;10.0;32.0;0.0;25.0;3.0;40.0;0.5146395136569504;0.6667571465410693;4
46004;Agullent;0.8;76.6;0.5934530842870244;2438.0;12589.0;134.0;3.0;13.0;30.0;0.0;17.0;72.0;3.0;45.0;3.0;81.0;0.52833543561071;0.7100776479531992;4
46005;Alaquàs;0.8;76.6;0.5761145715360012;30166.0;12930.0;2247.0;102.0;285.0;432.0;77.0;457.0;894.0;23.0;316.0;139.0;1553.0;0.5756548836525137;0.8597500995513523;5
46006;Albaida;0.8;76.6;0.5811069393062017;6322.0;12789.0;384.0;13.0;44.0;77.0;7.0;77.0;166.0;3.0;108.0;15.0;230.0;0.544714681324058;0.7618855612466842;4
46007;Albal;0.8;76.6;0.6032876892577375;17365.0;13249.0;1158.0;53.0;145.0;240.0;32.0;233.0;455.0;21.0;225.0;50.0;801.0;0.5592161254932856;0.8077539470867846;5
46008;Albalat;0.8;76.6;0.6157908466157145;3523.0;12616.0;172.0;3.0;21.0;37.0;6.0;47.0;57.0;3.0;33.0;11.0;108.0;0.5319341686510816;0.7214605194593048;4
46009;Albalat;0.8;76.6;0.7246953749787703;4368.0;15015.0;178.0;8.0;24.0;32.0;3.0;44.0;66.0;3.0;25.0;7.0;137.0;0.5071118046883668;0.6429468380343017;4
46010;Albalat;0.8;76.6;0.7148880335835571;1574.0;15439.0;80.0;3.0;5.0;21.0;3.0;18.0;30.0;0.0;9.0;6.0;63.0;0.4897526263956892;0.588039376508141;3
46011;Alberic;0.8;76.6;0.5951471595793038;11099.0;12070.0;580.0;18.0;75.0;103.0;22.0;160.0;202.0;48.0;73.0;41.0;362.0;0.5604142209404446;0.8115435492534551;5
46012;Alborache;0.8;76.6;0.6994398720623912;1568.0;14152.0;72.0;3.0;3.0;15.0;3.0;24.0;23.0;3.0;6.0;3.0;56.0;0.49950397050504697;0.6188830917166406;4
46013;Alboraia/Alboraya;0.8;76.6;0.7558503937723401;26273.0;17240.0;1043.0;41.0;137.0;256.0;37.0;164.0;408.0;8.0;146.0;60.0;771.0;0.5206690873121623;0.6858288202061963;4
46014;Albuixech;0.8;76.6;0.6867364060171356;4482.0;14623.0;222.0;6.0;35.0;50.0;8.0;44.0;79.0;3.0;32.0;14.0;164.0;0.5146422982127816;0.6667659541522128;4
46015;Alcàsser;-2.0;76.6;0.6480194485463662;10772.0;13616.0;537.0;21.0;68.0;114.0;14.0;133.0;187.0;14.0;76.0;40.0;366.0;0.5681184569470883;0.8359122166518244;5
46016;Alcàntera;0.8;76.6;0.6562489194883243;1468.0;12234.0;58.0;3.0;10.0;17.0;3.0;15.0;11.0;5.0;3.0;6.0;41.0;0.5179516864286794;0.6772336216348485;4
46017;Alzira;0.8;76.6;0.6090547149584833;48236.0;13445.0;2890.0;119.0;373.0;566.0;114.0;669.0;1049.0;120.0;446.0;145.0;1919.0;0.5720545381147939;0.8483621276807815;5
46018;Alcublas;0.8;76.6;0.6913766151763372;710.0;12376.0;31.0;0.0;3.0;9.0;0.0;5.0;13.0;3.0;3.0;0.0;26.0;0.5051182254607308;0.6366411032296222;4
46019;Alcúdia,;0.8;76.6;0.6518209088307981;12587.0;13681.0;496.0;25.0;67.0;106.0;23.0;142.0;133.0;50.0;75.0;25.0;304.0;0.537947327860149;0.7404802738714027;4
46020;Alcúdia;0.8;76.6;0.5950310491101053;5548.0;12150.0;345.0;9.0;29.0;79.0;8.0;67.0;153.0;8.0;61.0;27.0;238.0;0.5512483400006254;0.7825516668860286;4
46021;Aldaia;0.8;76.6;0.5858483515254395;34630.0;12813.0;2304.0;89.0;286.0;490.0;90.0;514.0;835.0;22.0;354.0;166.0;1546.0;0.5762823327630204;0.8617347348442165;5
46022;Alfafar;0.8;76.6;0.5635720444677211;22270.0;11842.0;1732.0;47.0;224.0;401.0;55.0;374.0;631.0;15.0;230.0;110.0;1273.0;0.5859083142200487;0.8921819252349198;5
46023;Alfauir;0.8;76.6;0.714324213165313;515.0;13843.0;22.0;0.0;3.0;10.0;3.0;3.0;6.0;0.0;3.0;0.0;18.0;0.48203702097731416;0.5636347474112002;3
46024;Alfara;0.8;76.6;0.6666766382060313;624.0;13045.0;37.0;3.0;3.0;7.0;3.0;8.0;14.0;0.0;3.0;3.0;31.0;0.5008407788364837;0.6231114457774533;4
46025;Alfara;0.8;76.6;0.6994416516704263;3740.0;14463.0;133.0;8.0;13.0;35.0;7.0;29.0;41.0;3.0;16.0;12.0;91.0;0.5074233598587135;0.6439322938687119;4
46026;Alfarb;0.8;76.6;0.6684799436350388;1763.0;13795.0;53.0;3.0;11.0;10.0;3.0;12.0;14.0;3.0;10.0;5.0;31.0;0.4988551151918792;0.6168307481354451;4
46027;Alfarrasí;0.8;76.6;0.6485369447706599;1173.0;13734.0;49.0;3.0;8.0;9.0;3.0;11.0;19.0;3.0;14.0;3.0;30.0;0.4971052117322464;0.6112957651273605;4
46028;Algar;0.8;76.6;0.6768463496315651;565.0;15075.0;26.0;3.0;5.0;7.0;3.0;3.0;8.0;0.0;3.0;3.0;17.0;0.4731590009750474;0.5355533755003782;3
46029;Algemesí;0.8;76.6;0.609713750585587;28306.0;13257.0;1443.0;67.0;202.0;292.0;73.0;366.0;443.0;80.0;276.0;92.0;865.0;0.5613302711897923;0.8144410362758279;5
46030;Algímia;0.8;76.6;0.6961024301307926;1115.0;14109.0;49.0;3.0;3.0;10.0;3.0;13.0;19.0;3.0;3.0;3.0;37.0;0.4932229607113981;0.5990161200330969;3
46031;Alginet;0.8;76.6;0.6489323379428651;14844.0;13188.0;671.0;27.0;105.0;134.0;23.0;178.0;204.0;27.0;95.0;35.0;454.0;0.5485964354041525;0.7741636345064485;4
46032;Almàssera;0.8;76.6;0.6678867039761194;7887.0;14815.0;429.0;14.0;50.0;86.0;17.0;94.0;168.0;8.0;69.0;31.0;303.0;0.5246321083298667;0.6983639425713348;4
46033;Almiserà;0.8;76.6;0.6665305531231693;278.0;12798.0;14.0;3.0;3.0;6.0;0.0;3.0;3.0;3.0;3.0;0.0;11.0;0.48618009460660283;0.5767393801342926;3
46034;Almoines;0.8;76.6;0.6560077647956539;2664.0;12571.0;147.0;10.0;26.0;34.0;3.0;34.0;40.0;3.0;15.0;10.0;118.0;0.5301897737215309;0.71594296005264;4
46035;Almussafes;0.8;76.6;0.6815935815013794;9070.0;15900.0;474.0;14.0;64.0;113.0;10.0;95.0;178.0;5.0;117.0;13.0;318.0;0.5169945343869964;0.6742061287421944;4
46036;Alpuente;-2.0;76.6;0.6923115488789635;688.0;13321.0;17.0;0.0;3.0;5.0;0.0;3.0;6.0;0.0;3.0;3.0;11.0;0.5135261369222309;0.6632355115192367;4
46037;Alqueria;0.8;76.6;0.6564993275136561;1547.0;13197.0;94.0;3.0;15.0;26.0;0.0;19.0;30.0;0.0;7.0;9.0;76.0;0.515434313810857;0.6692711168532485;4
46038;Andilla;0.8;76.6;0.6724218573349412;338.0;16512.0;19.0;0.0;5.0;6.0;3.0;3.0;6.0;3.0;3.0;3.0;12.0;0.45676590611944984;0.48370165706632634;3
46039;Anna;0.8;76.6;0.6495207730522818;2600.0;12848.0;105.0;3.0;18.0;30.0;3.0;17.0;36.0;5.0;19.0;10.0;69.0;0.5204190316293414;0.6850378885991584;4
46040;Antella;0.8;76.6;0.7047107168128229;1130.0;13577.0;38.0;3.0;9.0;8.0;3.0;7.0;11.0;3.0;3.0;3.0;28.0;0.49488241243672004;0.6042650022224727;4
46041;Aras;0.8;76.6;0.7053158335731279;401.0;13394.0;9.0;0.0;3.0;3.0;3.0;3.0;0.0;0.0;3.0;3.0;6.0;0.4744239223240746;0.5395543494597637;3
46042;Aielo;0.8;76.6;0.6202526262616899;4624.0;12935.0;160.0;6.0;17.0;37.0;5.0;31.0;64.0;12.0;54.0;7.0;83.0;0.527060793562963;0.7060459272106445;4
46043;Aielo;0.8;76.6;0.9166334101140101;160.0;18555.0;3.0;0.0;3.0;3.0;0.0;0.0;0.0;3.0;0.0;0.0;3.0;0.41545245761936017;0.35302631369546245;2
46044;Ayora;0.8;76.6;0.6224452016310407;5282.0;12901.0;329.0;9.0;36.0;53.0;17.0;73.0;141.0;12.0;47.0;17.0;241.0;0.5408534829859575;0.7496725062495155;4
46045;Barxeta;0.8;76.6;0.7087351002215949;1578.0;13155.0;49.0;3.0;7.0;9.0;3.0;13.0;17.0;3.0;6.0;5.0;37.0;0.5043785131181712;0.6343013768724908;4
46046;Barx;0.8;76.6;0.6903578724338348;1501.0;14546.0;66.0;3.0;8.0;24.0;3.0;12.0;18.0;5.0;3.0;11.0;47.0;0.4941383461167605;0.6019115041393679;4
46047;Bèlgida;0.8;76.6;0.5553040804473566;651.0;12121.0;32.0;3.0;3.0;8.0;3.0;8.0;11.0;3.0;11.0;3.0;15.0;0.5092081854649957;0.6495777363922896;4
46048;Bellreguard;0.8;76.6;0.6844193887095925;5032.0;13207.0;274.0;14.0;28.0;70.0;9.0;54.0;99.0;5.0;14.0;19.0;233.0;0.5332850745889046;0.7257334645581963;4
46049;Bellús;0.8;76.6;0.581439819584399;317.0;12041.0;18.0;3.0;3.0;5.0;3.0;3.0;6.0;0.0;3.0;3.0;11.0;0.5008544654418893;0.6231547368104192;4
46050;Benagéber;0.8;76.6;0.8656945576749115;176.0;15598.0;3.0;0.0;0.0;0.0;0.0;3.0;3.0;0.0;0.0;0.0;3.0;0.436860255398295;0.42073964741947373;3
46051;Benaguasil;0.8;76.6;0.5917493397307126;12668.0;12636.0;815.0;27.0;104.0;194.0;29.0;184.0;277.0;18.0;135.0;80.0;547.0;0.5601203914928405;0.8106141602687025;5
46052;Benavites;0.8;76.6;0.7286863387434604;652.0;13395.0;18.0;0.0;6.0;3.0;0.0;3.0;7.0;0.0;3.0;3.0;14.0;0.4849222924368747;0.5727609242951126;3
46053;Beneixida;0.8;76.6;0.7551619873828493;659.0;15662.0;23.0;0.0;5.0;5.0;3.0;7.0;5.0;3.0;3.0;3.0;18.0;0.46641357492066077;0.5142174450021573;3
46054;Benetússer;0.8;76.6;0.6038560235370922;16734.0;12553.0;1113.0;33.0;157.0;218.0;30.0;231.0;444.0;11.0;145.0;65.0;815.0;0.5668729726057735;0.8319727223739746;5
46055;Beniarjó;0.8;76.6;0.6527689360932335;1964.0;12779.0;101.0;6.0;10.0;29.0;3.0;17.0;35.0;3.0;13.0;11.0;76.0;0.5208026930215771;0.686251417994276;4
46056;Beniatjar;0.8;76.6;0.655723297760169;209.0;13340.0;9.0;0.0;3.0;3.0;0.0;3.0;3.0;3.0;3.0;0.0;6.0;0.47195576930847666;0.5317475273591008;3
46057;Benicolet;0.8;76.6;0.7182892445527015;610.0;12490.0;11.0;0.0;3.0;3.0;3.0;3.0;3.0;3.0;3.0;3.0;8.0;0.4907544106365147;0.5912080420252089;3
46058;Benifairó;0.8;76.6;0.6708136870669569;2359.0;12789.0;87.0;5.0;18.0;12.0;3.0;25.0;25.0;3.0;10.0;5.0;61.0;0.5180455240380886;0.6775304320507259;4
46059;Benifairó;0.8;76.6;0.718744216981443;1588.0;15321.0;52.0;3.0;9.0;13.0;3.0;7.0;17.0;5.0;5.0;3.0;35.0;0.4836720386980259;0.5688063443082975;3
46060;Benifaió;0.8;76.6;0.6236979380414592;12262.0;14465.0;674.0;22.0;81.0;163.0;20.0;142.0;246.0;14.0;153.0;46.0;401.0;0.5357938548662949;0.7336687915786294;4
46061;Beniflá;0.8;76.6;0.6661949191532398;505.0;12559.0;33.0;0.0;3.0;3.0;3.0;6.0;19.0;0.0;3.0;3.0;30.0;0.5055186167845241;0.6379075497650474;4
46062;Benigànim;0.8;76.6;0.6226186442748654;5759.0;12661.0;270.0;9.0;30.0;68.0;6.0;47.0;110.0;8.0;65.0;10.0;171.0;0.5391325444909469;0.7442291400595652;4
46063;Benimodo;-2.0;76.6;0.6774022070356639;2332.0;13301.0;78.0;5.0;11.0;13.0;3.0;19.0;26.0;3.0;8.0;5.0;52.0;0.5384528498379385;0.7420792509703253;4
46064;Benimuslem;0.8;76.6;0.6139216563977774;674.0;12479.0;44.0;3.0;3.0;8.0;3.0;13.0;19.0;3.0;7.0;3.0;33.0;0.5115284078492676;0.6569166506628045;4
46065;Beniparrell;0.8;76.6;0.6561133635055475;2108.0;14835.0;127.0;8.0;13.0;31.0;7.0;23.0;45.0;3.0;17.0;11.0;90.0;0.5038698087622213;0.6326923338416759;4
46066;Benirredrà;0.8;76.6;0.7875479964470794;1576.0;16284.0;58.0;0.0;11.0;11.0;3.0;11.0;23.0;3.0;3.0;3.0;50.0;0.47744300666810646;0.5491037794310019;3
46067;Benissanó;0.8;76.6;0.6185419545502836;2449.0;13316.0;156.0;6.0;18.0;37.0;3.0;32.0;61.0;3.0;17.0;18.0;110.0;0.5232345929034037;0.6939435706379984;4
46068;Benissoda;0.8;76.6;0.6338913552349474;494.0;13240.0;18.0;0.0;3.0;3.0;0.0;3.0;9.0;0.0;8.0;0.0;10.0;0.4853813785550598;0.5742130237520366;3
46069;Benissuera;0.8;76.6;0.5843758638634243;196.0;14238.0;8.0;0.0;3.0;3.0;0.0;3.0;3.0;0.0;3.0;3.0;3.0;0.46048594048434355;0.4954682073213322;3
46070;Bétera;0.8;76.6;0.7689726088232607;28560.0;17430.0;1243.0;47.0;160.0;281.0;40.0;209.0;506.0;19.0;112.0;98.0;993.0;0.5223839847675458;0.691253078455361;4
46071;Bicorp;0.8;76.6;0.5742661044863437;546.0;12040.0;45.0;0.0;12.0;6.0;0.0;12.0;15.0;3.0;3.0;3.0;35.0;0.5205676954858538;0.6855081156366458;4
46072;Bocairent;0.8;117.4;0.6499146857221916;4130.0;14321.0;187.0;3.0;22.0;51.0;3.0;28.0;80.0;3.0;48.0;16.0;114.0;0.5144044342330414;0.6660135851693125;4
46073;Bolbaite;0.8;76.6;0.5962702639228143;1320.0;11939.0;77.0;3.0;9.0;18.0;6.0;9.0;33.0;5.0;12.0;5.0;52.0;0.5276745081877321;0.7079871200240029;4
46074;Bonrepòs;0.8;76.6;0.6653455140519086;4115.0;13497.0;209.0;7.0;31.0;45.0;8.0;36.0;82.0;3.0;30.0;13.0;156.0;0.5250717882338191;0.6997546597471744;4
46075;Bufali;0.8;76.6;0.8105569444134937;162.0;12818.0;3.0;0.0;0.0;0.0;0.0;0.0;3.0;0.0;3.0;0.0;3.0;0.4638185899831835;0.5060094507518993;3
46076;Bugarra;0.8;76.6;0.6963755363906803;774.0;13633.0;20.0;3.0;3.0;7.0;0.0;6.0;3.0;3.0;0.0;3.0;13.0;0.4845884091104753;0.5717048440135803;3
46077;Buñol;0.8;76.6;0.6340242487220188;9858.0;13525.0;530.0;13.0;66.0;125.0;14.0;109.0;203.0;6.0;111.0;31.0;356.0;0.541131235736021;0.7505510442874783;4
46078;Burjassot;-2.0;76.6;0.584260016722148;41299.0;12111.0;3120.0;139.0;471.0;641.0;126.0;713.0;1030.0;34.0;295.0;251.0;2430.0;0.6199953605157245;1.0;5
46079;Calles;0.8;76.6;0.604118478513245;465.0;13720.0;40.0;3.0;3.0;12.0;0.0;8.0;14.0;0.0;3.0;3.0;32.0;0.4988793150183224;0.6169072927170473;4
46080;Camporrobles;0.8;76.6;0.6288207768521366;1183.0;11909.0;54.0;3.0;3.0;10.0;3.0;16.0;23.0;7.0;3.0;5.0;37.0;0.5211182674816986;0.687249586930364;4
46081;Canals;0.8;76.6;0.5511629507037881;13746.0;11984.0;939.0;22.0;90.0;202.0;17.0;160.0;448.0;31.0;219.0;65.0;575.0;0.5717405516909767;0.8473689817383407;5
46082;Canet;0.8;76.6;0.7670686206012322;8297.0;16891.0;283.0;12.0;37.0;60.0;9.0;65.0;100.0;3.0;22.0;15.0;211.0;0.500806581050955;0.6230032774320662;4
46083;Carcaixent;0.8;76.6;0.6074567795422482;21934.0;12600.0;1221.0;47.0;161.0;218.0;46.0;297.0;452.0;46.0;181.0;76.0;809.0;0.5666416726967168;0.8312411156905585;5
46084;Càrcer;0.8;117.4;0.6534499080429729;1795.0;12847.0;73.0;3.0;9.0;11.0;3.0;23.0;24.0;6.0;10.0;3.0;49.0;0.5141083560780239;0.6650770834737099;4
46085;Carlet;0.8;76.6;0.5983868410389005;16857.0;12565.0;894.0;41.0;128.0;171.0;42.0;251.0;261.0;90.0;106.0;37.0;549.0;0.5614572545911671;0.8148426875583884;5
46086;Carrícola;0.8;76.6;0.5430875846671247;97.0;0.0;3.0;0.0;0.0;0.0;0.0;0.0;3.0;0.0;0.0;0.0;3.0;0.3038420033912684;0.0;1
46087;Casas;0.8;76.6;0.560409409678365;118.0;12068.0;6.0;3.0;0.0;3.0;0.0;3.0;3.0;0.0;3.0;0.0;3.0;0.48094180726089164;0.5601705624144507;3
46088;Casas;0.8;76.6;0.6172956615755044;158.0;12032.0;11.0;0.0;3.0;3.0;0.0;3.0;5.0;0.0;3.0;0.0;9.0;0.49401778899931886;0.6015301793337795;4
46089;Casinos;0.8;76.6;0.6372096812376684;3153.0;12972.0;178.0;6.0;19.0;41.0;8.0;35.0;69.0;5.0;26.0;13.0;130.0;0.5287088571162935;0.7112587883623345;4
46090;Castelló;-2.0;76.6;0.6892283805424301;2345.0;12008.0;63.0;3.0;8.0;9.0;0.0;13.0;29.0;3.0;14.0;0.0;46.0;0.5521076121190402;0.7852695634354447;4
46091;Castellonet;0.8;76.6;0.7120319925550788;159.0;16176.0;12.0;0.0;3.0;3.0;0.0;3.0;3.0;0.0;0.0;3.0;11.0;0.4538845246533138;0.47458778431690063;3
46092;Castielfabib;0.8;76.6;0.6303837209647041;284.0;11948.0;14.0;3.0;0.0;5.0;0.0;3.0;3.0;0.0;3.0;3.0;10.0;0.4972430756003066;0.6117318315645925;4
46093;Catadau;0.8;76.6;0.6478656086770518;3005.0;12991.0;118.0;7.0;16.0;31.0;3.0;26.0;34.0;7.0;22.0;8.0;75.0;0.5207736703055383;0.686159618507145;4
46094;Catarroja;0.8;76.6;0.6093403050018307;30604.0;13260.0;2026.0;63.0;250.0;421.0;64.0;459.0;769.0;26.0;296.0;126.0;1446.0;0.5687408889927863;0.8378809828587034;5
46095;Caudete;0.8;76.6;0.6331381956837095;725.0;11940.0;34.0;3.0;8.0;7.0;3.0;7.0;8.0;3.0;6.0;0.0;24.0;0.5126763285571851;0.6605475490292124;4
46096;Cerdà;0.8;76.6;0.5799472232855845;370.0;12030.0;24.0;0.0;8.0;3.0;0.0;5.0;7.0;0.0;3.0;3.0;16.0;0.50692505397762;0.6423561414418462;4
46097;Cofrentes;0.8;76.6;0.8336792716300808;1113.0;16606.0;24.0;0.0;3.0;6.0;3.0;3.0;11.0;0.0;3.0;3.0;21.0;0.46292353926118057;0.5031783856949164;3
46098;Corbera;0.8;76.6;0.6537668482912136;3266.0;12691.0;148.0;8.0;14.0;33.0;10.0;35.0;48.0;3.0;25.0;3.0;106.0;0.5282787897362231;0.7098984758102808;4
46099;Cortes;0.8;76.6;0.7508783659009375;727.0;15837.0;28.0;3.0;3.0;8.0;3.0;3.0;11.0;3.0;3.0;3.0;22.0;0.46815369776951776;0.5197214917239259;3
46100;Cotes;0.8;76.6;0.824427725095182;314.0;14044.0;7.0;0.0;0.0;0.0;0.0;3.0;5.0;0.0;0.0;0.0;7.0;0.46320395329825675;0.504065341442047;3
46101;Quart;0.8;76.6;0.7299937577295736;1029.0;13654.0;40.0;3.0;5.0;5.0;0.0;15.0;14.0;0.0;3.0;3.0;34.0;0.49452291455591973;0.6031279025437912;4
46102;Quart;0.8;76.6;0.619954191299838;26967.0;13132.0;1790.0;64.0;223.0;362.0;52.0;368.0;721.0;9.0;220.0;117.0;1349.0;0.5680840009700941;0.8358032316411714;5
46103;Quartell;0.8;76.6;0.7466998795016545;1810.0;15024.0;50.0;3.0;3.0;6.0;0.0;15.0;22.0;0.0;3.0;7.0;37.0;0.4864772075397459;0.577679154855793;3
46104;Quatretonda;0.8;76.6;0.711451899645682;2174.0;13703.0;81.0;3.0;13.0;11.0;3.0;25.0;29.0;3.0;9.0;3.0;63.0;0.5063472263062246;0.6405284598488025;4
46105;Cullera;0.8;76.6;0.6377307422875775;24702.0;12929.0;1357.0;41.0;188.0;325.0;42.0;246.0;515.0;34.0;151.0;87.0;996.0;0.56437421864982;0.8240691088280653;5
46106;Chelva;0.8;76.6;0.6244558203451028;1863.0;14156.0;132.0;5.0;26.0;28.0;6.0;24.0;43.0;8.0;9.0;8.0;96.0;0.5124327473211947;0.6597770962394464;4
46107;Chella;0.8;76.6;0.5952463296214424;2452.0;12201.0;158.0;3.0;21.0;44.0;3.0;32.0;55.0;6.0;13.0;18.0;111.0;0.5372766863675325;0.7383590201269657;4
46108;Chera;0.8;76.6;0.5749912214581672;508.0;13377.0;34.0;6.0;10.0;8.0;0.0;3.0;7.0;5.0;5.0;3.0;20.0;0.49651655562665015;0.6094338329595343;4
46109;Cheste;0.8;76.6;0.6408971641932327;8951.0;13434.0;410.0;5.0;68.0;85.0;17.0;103.0;132.0;20.0;56.0;37.0;262.0;0.5372728237868457;0.7383468026995695;4
46110;Xirivella;0.8;76.6;0.5754441851289086;32093.0;11830.0;2056.0;97.0;299.0;445.0;74.0;421.0;720.0;32.0;284.0;154.0;1389.0;0.58694364598346;0.8954567023014297;5
46111;Chiva;0.8;76.6;0.6857440151609014;17951.0;15381.0;864.0;32.0;114.0;171.0;29.0;196.0;322.0;23.0;142.0;38.0;594.0;0.5314465123942278;0.7199180520273939;4
46112;Chulilla;0.8;76.6;0.6462128104949061;710.0;14279.0;35.0;3.0;3.0;10.0;3.0;9.0;11.0;3.0;7.0;3.0;22.0;0.48583447474846003;0.5756461769455417;3
46113;Daimús;0.8;76.6;0.7254066927645995;3524.0;15478.0;163.0;7.0;30.0;37.0;3.0;23.0;63.0;3.0;24.0;7.0;128.0;0.5015987995383758;0.6255090818765496;4
46114;Domeño;0.8;76.6;0.6708219680088058;723.0;14197.0;44.0;3.0;5.0;3.0;3.0;13.0;19.0;3.0;3.0;3.0;35.0;0.49158337981730194;0.5938300897185406;3
46115;Dos;0.8;76.6;0.5524104936906138;340.0;12709.0;24.0;3.0;3.0;3.0;3.0;6.0;6.0;0.0;9.0;3.0;14.0;0.49886324456753306;0.6168564615288685;4
46116;Eliana,;0.8;76.6;0.8074960563792596;19839.0;18983.0;789.0;23.0;105.0;209.0;19.0;137.0;296.0;3.0;105.0;30.0;629.0;0.5051662760435278;0.6367930882764805;4
46117;Emperador;0.8;76.6;0.7463130891149752;700.0;15240.0;29.0;3.0;3.0;10.0;3.0;3.0;11.0;3.0;3.0;0.0;24.0;0.4736089459725238;0.5369765613920886;3
46118;Enguera;0.8;76.6;0.6124506612010325;4807.0;13123.0;295.0;8.0;38.0;65.0;7.0;46.0;131.0;12.0;48.0;20.0;201.0;0.5362266756045826;0.7350378130630898;4
46119;Énova,;0.8;76.6;0.646035985188711;952.0;12681.0;35.0;3.0;7.0;6.0;0.0;6.0;15.0;3.0;8.0;3.0;22.0;0.503567628721409;0.6317365317475253;4
46120;Estivella;0.8;76.6;0.7512318206943853;1710.0;15514.0;63.0;3.0;9.0;15.0;0.0;7.0;30.0;3.0;7.0;3.0;50.0;0.4849725044918143;0.5729197461257467;3
46121;Estubeny;0.8;76.6;0.8184341529569847;110.0;14352.0;3.0;0.0;3.0;0.0;0.0;0.0;3.0;0.0;0.0;0.0;3.0;0.4439181985383854;0.4430640763114686;3
46122;Faura;0.8;76.6;0.6853206201494677;3753.0;13288.0;145.0;3.0;20.0;28.0;3.0;34.0;58.0;3.0;18.0;6.0;106.0;0.5209411857163242;0.6866894734241051;4
46123;Favara;0.8;76.6;0.6568802949061473;2776.0;12643.0;128.0;3.0;19.0;26.0;5.0;22.0;52.0;3.0;19.0;10.0;94.0;0.526370885440325;0.7038637326930438;4
46124;Fontanars;0.8;76.6;0.6475067189259536;936.0;13696.0;37.0;3.0;6.0;5.0;0.0;7.0;16.0;3.0;3.0;3.0;22.0;0.49269103714466767;0.5973336341295199;3
46125;Fortaleny;0.8;76.6;0.6814886510372966;1024.0;14047.0;54.0;0.0;7.0;11.0;3.0;8.0;24.0;3.0;9.0;0.0;42.0;0.4958849039571992;0.6074359048805916;4
46126;Foios;0.8;76.6;0.700147212754756;7995.0;15115.0;353.0;10.0;36.0;86.0;8.0;78.0;135.0;9.0;58.0;18.0;252.0;0.5180926653934697;0.6776795411913338;4
46127;Font;0.8;76.6;0.6552741820348817;4020.0;12485.0;217.0;9.0;22.0;52.0;6.0;65.0;63.0;3.0;7.0;26.0;173.0;0.5379533126011861;0.7404992037385137;4
46128;Font;0.8;76.6;0.6349941650548387;2022.0;12635.0;110.0;3.0;10.0;16.0;5.0;22.0;55.0;6.0;18.0;3.0;80.0;0.524282342086401;0.6972576242749011;4
46129;Fuenterrobles;0.8;76.6;0.6247896350734028;678.0;10769.0;32.0;0.0;3.0;6.0;3.0;6.0;16.0;3.0;3.0;0.0;24.0;0.5298465091932815;0.7148572068239806;4
46130;Gavarda;0.8;76.6;0.6498447498995985;1023.0;12883.0;38.0;0.0;8.0;6.0;3.0;10.0;12.0;3.0;5.0;5.0;24.0;0.5024966293096653;0.6283489371273546;4
46131;Gandia;0.8;76.6;0.6236666758197801;83135.0;12511.0;5237.0;201.0;703.0;1151.0;167.0;1073.0;1942.0;125.0;395.0;349.0;4222.0;0.5938482500570376;0.9172961163642052;5
46132;Genovés,;0.8;76.6;0.6448376099530999;2822.0;12429.0;126.0;8.0;14.0;18.0;3.0;31.0;53.0;3.0;22.0;10.0;88.0;0.5287959458383696;0.7115342518996137;4
46133;Gestalgar;0.8;76.6;0.6653092145948275;587.0;14415.0;32.0;0.0;3.0;7.0;0.0;13.0;9.0;3.0;6.0;3.0;23.0;0.4832956797236805;0.5676159126210665;3
46134;Gilet;0.8;76.6;0.7231457532617029;4011.0;15222.0;170.0;5.0;19.0;32.0;5.0;36.0;73.0;3.0;19.0;11.0;130.0;0.504472264087428;0.6345979132436668;4
46135;Godella;0.8;76.6;0.8197170029720469;13533.0;19567.0;541.0;19.0;72.0;148.0;11.0;111.0;180.0;3.0;56.0;40.0;433.0;0.4954592144021202;0.6060894394849659;4
46136;Godelleta;0.8;76.6;0.6339058599745014;4266.0;13332.0;194.0;3.0;22.0;55.0;9.0;28.0;77.0;7.0;40.0;12.0;120.0;0.5254061777856616;0.7008123412308819;4
46137;Granja;0.8;76.6;0.8522576353331301;306.0;13957.0;3.0;0.0;0.0;0.0;0.0;3.0;3.0;0.0;0.0;0.0;3.0;0.4586476958737171;0.4896537993158439;3
46138;Guadasséquies;0.8;76.6;0.6556480149576891;478.0;13470.0;20.0;3.0;3.0;3.0;3.0;7.0;5.0;3.0;3.0;0.0;13.0;0.48439161701845157;0.5710823863119964;3
46139;Guadassuar;0.8;76.6;0.6795309853641827;6039.0;14140.0;191.0;3.0;27.0;48.0;8.0;41.0;65.0;6.0;41.0;19.0;117.0;0.5173324180601655;0.6752748622082638;4
46140;Guardamar;0.8;76.6;0.7777645033974601;622.0;15997.0;26.0;3.0;6.0;9.0;0.0;3.0;9.0;3.0;0.0;3.0;23.0;0.4654953145177148;0.5113129672154973;3
46141;Higueruelas;0.8;76.6;0.6699746340205478;567.0;14050.0;27.0;3.0;3.0;5.0;0.0;6.0;13.0;3.0;3.0;0.0;19.0;0.48353969585173395;0.5683877409839626;3
46142;Jalance;0.8;76.6;0.7287306298511598;808.0;14860.0;24.0;0.0;6.0;3.0;0.0;5.0;9.0;0.0;3.0;3.0;17.0;0.4747671445686379;0.5406399689441969;3
46143;Xeraco;0.8;76.6;0.7080017491450626;6149.0;12681.0;223.0;11.0;27.0;55.0;7.0;55.0;68.0;8.0;10.0;17.0;183.0;0.5357748719636243;0.7336087482412968;4
46144;Jarafuel;0.8;76.6;0.7552667183977197;788.0;14155.0;31.0;3.0;3.0;7.0;3.0;5.0;11.0;3.0;3.0;0.0;28.0;0.4848899186976278;0.5726585254481059;3
46145;Xàtiva;0.8;76.6;0.6320947806428634;31008.0;13976.0;1944.0;63.0;267.0;408.0;61.0;403.0;742.0;61.0;238.0;121.0;1394.0;0.5598388109579673;0.809723514863465;5
46146;Xeresa;0.8;76.6;0.7644611323652964;2418.0;13767.0;63.0;3.0;17.0;14.0;3.0;15.0;14.0;3.0;5.0;3.0;54.0;0.5030350208996216;0.6300518815302013;4
46147;Llíria;0.8;76.6;0.6050043739740468;25333.0;13245.0;1748.0;70.0;261.0;367.0;65.0;387.0;598.0;42.0;185.0;147.0;1257.0;0.5667482055885152;0.8315780815629673;5
46148;Loriguilla;0.8;76.6;0.666830554997441;2188.0;14423.0;131.0;10.0;12.0;24.0;6.0;31.0;48.0;6.0;9.0;6.0;100.0;0.5082181106328051;0.6464461079914535;4
46149;Losa;0.8;76.6;0.6789525090551156;531.0;12711.0;24.0;3.0;3.0;3.0;0.0;5.0;10.0;3.0;3.0;3.0;19.0;0.4964269096160154;0.6091502806624778;4
46150;Llutxent;0.8;76.6;0.6818824903775934;2314.0;11614.0;81.0;3.0;11.0;22.0;0.0;18.0;27.0;3.0;7.0;9.0;64.0;0.5327822211192574;0.7241429280090329;4
46151;Llocnou;0.8;76.6;0.7087758586557101;944.0;12823.0;38.0;3.0;6.0;7.0;3.0;8.0;14.0;3.0;0.0;3.0;32.0;0.5030703165572542;0.6301635224691229;4
46152;Llocnou;0.8;76.6;0.5785366712342651;132.0;13251.0;11.0;0.0;0.0;3.0;3.0;3.0;5.0;0.0;3.0;3.0;8.0;0.48108829571325556;0.5606339086009227;3
46153;Llocnou;-2.0;76.6;0.7229564594837016;594.0;13960.0;26.0;0.0;3.0;6.0;0.0;5.0;13.0;3.0;3.0;3.0;22.0;0.5117263509523644;0.6575427490376476;4
46154;Llanera;0.8;76.6;0.5526243919186199;1062.0;11687.0;73.0;8.0;9.0;16.0;3.0;12.0;26.0;3.0;13.0;6.0;46.0;0.5316705883073222;0.7206268090532008;4
46155;Llaurí;0.8;76.6;0.6490120727587454;1226.0;12981.0;64.0;3.0;11.0;23.0;3.0;12.0;15.0;3.0;9.0;6.0;47.0;0.5104918673753813;0.6536380504185623;4
46156;Llombai;0.8;117.4;0.6786053656404025;2791.0;13081.0;104.0;3.0;8.0;26.0;3.0;26.0;37.0;11.0;14.0;3.0;74.0;0.517628955082765;0.6762128153120885;4
46157;Llosa;0.8;76.6;0.6672654292345761;3765.0;12451.0;155.0;3.0;17.0;23.0;5.0;34.0;72.0;3.0;15.0;12.0;115.0;0.5321277310006194;0.7220727614145962;4
46158;Macastre;0.8;76.6;0.5986117651273434;1461.0;13100.0;94.0;3.0;7.0;27.0;6.0;22.0;29.0;0.0;16.0;3.0;62.0;0.5169935617616045;0.6742030523067558;4
46159;Manises;0.8;76.6;0.5918694733060458;32609.0;12640.0;2404.0;102.0;304.0;501.0;96.0;517.0;884.0;32.0;290.0;141.0;1810.0;0.5802501387700267;0.8742849922354241;5
46160;Manuel;0.8;76.6;0.6337769116826972;2560.0;12885.0;134.0;3.0;16.0;28.0;3.0;31.0;55.0;7.0;21.0;10.0;93.0;0.5244863457991251;0.6979028924908695;4
46161;Marines;0.8;76.6;0.6990764151940991;1967.0;13725.0;96.0;3.0;8.0;28.0;3.0;22.0;35.0;3.0;12.0;3.0;79.0;0.5089937792743389;0.6488995649105538;4
46162;Massalavés;0.8;76.6;0.5865503870717967;1905.0;11316.0;104.0;3.0;11.0;21.0;3.0;31.0;36.0;3.0;15.0;3.0;68.0;0.5417739673854339;0.7525840185859608;4
46163;Massalfassar;0.8;76.6;0.7354874263381046;2716.0;16002.0;114.0;3.0;20.0;26.0;3.0;22.0;44.0;3.0;18.0;3.0;86.0;0.491130963748059;0.5923990877726563;3
46164;Massamagrell;0.8;76.6;0.6376930703248292;17566.0;13161.0;967.0;38.0;127.0;218.0;36.0;181.0;367.0;19.0;123.0;78.0;694.0;0.5557708625989589;0.7968565050173322;4
46165;Massanassa;0.8;76.6;0.6444825469547528;10607.0;13889.0;630.0;19.0;82.0;125.0;19.0;143.0;242.0;3.0;85.0;42.0;457.0;0.5407804464925183;0.7494414902194994;4
46166;Meliana;0.8;76.6;0.6756533803795997;11055.0;14462.0;593.0;23.0;77.0;136.0;14.0;117.0;226.0;10.0;68.0;37.0;443.0;0.5334921631866749;0.7263884903331995;4
46167;Millares;0.8;76.6;0.4804464423544701;321.0;12836.0;44.0;0.0;3.0;7.0;3.0;7.0;25.0;3.0;3.0;3.0;37.0;0.5229006411028525;0.6928872737712226;4
46168;Miramar;0.8;76.6;0.71401244007955;3143.0;13899.0;140.0;5.0;23.0;30.0;3.0;28.0;53.0;5.0;12.0;5.0;116.0;0.5136063914405196;0.6634893583201013;4
46169;Mislata;0.8;76.6;0.6339891604086189;47079.0;13573.0;2797.0;69.0;377.0;581.0;77.0;590.0;1103.0;24.0;281.0;190.0;2042.0;0.5700287595465968;0.8419545456559617;5
46170;Moixent/Mogente;0.8;76.6;0.6194399141594125;4401.0;12456.0;250.0;5.0;27.0;45.0;7.0;55.0;111.0;12.0;47.0;7.0;177.0;0.5410293528211205;0.750228786393945;4
46171;Montcada/Moncada;0.8;76.6;0.6528209680644006;22213.0;13836.0;1179.0;47.0;167.0;267.0;48.0;200.0;450.0;15.0;138.0;100.0;841.0;0.5516455475571109;0.7838080430956578;4
46172;Montserrat;0.8;76.6;0.6347758904497924;10062.0;13153.0;556.0;10.0;58.0;146.0;10.0;129.0;203.0;15.0;85.0;54.0;393.0;0.5462668991996302;0.7667952604182834;4
46173;Montaverner;0.8;76.6;0.5463277333436654;1624.0;12836.0;103.0;3.0;19.0;28.0;0.0;13.0;41.0;3.0;39.0;5.0;52.0;0.5216046784948055;0.6887881156290024;4
46174;Montesa;0.8;117.4;0.6170811112304839;1128.0;12446.0;66.0;3.0;7.0;6.0;3.0;19.0;31.0;3.0;7.0;5.0;47.0;0.5181908182444602;0.6779900008109415;4
46175;Montitxelvo/Montichelvo;0.8;76.6;0.6395784724023156;556.0;13335.0;22.0;0.0;6.0;5.0;3.0;6.0;3.0;0.0;3.0;6.0;13.0;0.4876115821362358;0.5812672065747674;3
46176;Montroi/Montroy;0.8;76.6;0.5959796240156884;3792.0;11987.0;214.0;6.0;27.0;57.0;5.0;49.0;70.0;6.0;40.0;22.0;141.0;0.5445759908452943;0.7614468802216743;4
46177;Museros;0.8;76.6;0.6629704356398267;6871.0;14455.0;381.0;17.0;47.0;78.0;11.0;94.0;134.0;3.0;56.0;26.0;274.0;0.5260214044168179;0.7027583165535926;4
46178;Nàquera/Náquera;0.8;76.6;0.7186261726190479;8556.0;15626.0;412.0;17.0;46.0;85.0;17.0;87.0;160.0;5.0;51.0;33.0;318.0;0.5165439766336328;0.6727810046901788;4
46179;Navarrés;0.8;76.6;0.6130461092381272;3027.0;11852.0;170.0;3.0;16.0;34.0;3.0;49.0;66.0;6.0;29.0;8.0;122.0;0.542452873779686;0.7547314143954723;4
46180;Novetlè;0.8;76.6;0.707584478648764;872.0;15022.0;39.0;0.0;5.0;15.0;0.0;6.0;13.0;3.0;3.0;3.0;29.0;0.4806486318267304;0.5592432420885564;3
46181;Oliva;0.8;76.6;0.6374127194258182;26813.0;12866.0;1556.0;39.0;200.0;345.0;56.0;371.0;545.0;68.0;100.0;151.0;1184.0;0.5677949059036466;0.8348888176078143;5
46182;Olocau;0.8;76.6;0.7030380758555642;2534.0;15763.0;133.0;5.0;16.0;38.0;3.0;23.0;47.0;3.0;16.0;8.0;99.0;0.49602614068924517;0.607882639760558;4
46183;Olleria,;0.8;76.6;0.5933417146538237;8818.0;12575.0;477.0;16.0;46.0;99.0;14.0;94.0;208.0;14.0;122.0;22.0;287.0;0.5504980889630455;0.7801786064054957;4
46184;Ontinyent;0.8;76.6;0.5743735262958672;37012.0;13307.0;2387.0;63.0;295.0;489.0;75.0;464.0;1001.0;74.0;572.0;132.0;1414.0;0.5708275771896416;0.8444812233743652;5
46185;Otos;0.8;76.6;0.660139050367387;442.0;12504.0;21.0;0.0;3.0;5.0;0.0;5.0;8.0;0.0;3.0;3.0;16.0;0.4967702320396003;0.6102362170153528;4
46186;Paiporta;0.8;76.6;0.6292090549596248;28136.0;13675.0;1742.0;61.0;206.0;368.0;48.0;356.0;703.0;20.0;299.0;110.0;1251.0;0.5609882044825032;0.8133590717811272;5
46187;Palma;0.8;76.6;0.7011049835699256;1897.0;12985.0;81.0;3.0;11.0;20.0;3.0;19.0;26.0;0.0;8.0;5.0;67.0;0.5142261663033924;0.6654497197994476;4
46188;Palmera;0.8;76.6;0.7040783148379121;1038.0;12843.0;49.0;0.0;9.0;11.0;0.0;11.0;18.0;0.0;3.0;3.0;43.0;0.5072572155179692;0.643406775676353;4
46189;Palomar,;-2.0;76.6;0.6122118654452101;593.0;13652.0;31.0;0.0;7.0;3.0;0.0;6.0;14.0;0.0;12.0;0.0;18.0;0.518331493192474;0.6784349587556973;4
46190;Paterna;0.8;76.6;0.6542002983183155;76019.0;14451.0;4714.0;153.0;653.0;981.0;150.0;1090.0;1687.0;42.0;451.0;411.0;3665.0;0.570439938059468;0.8432551123069411;5
46191;Pedralba;0.8;76.6;0.5833696612325628;3225.0;12052.0;197.0;6.0;18.0;61.0;6.0;40.0;66.0;12.0;29.0;17.0;128.0;0.5427228578568429;0.7555853799507097;4
46192;Petrés;0.8;76.6;0.685943837575666;1124.0;13583.0;58.0;3.0;3.0;18.0;3.0;12.0;20.0;0.0;5.0;3.0;47.0;0.5019140989701585;0.626506380891972;4
46193;Picanya;0.8;76.6;0.6977737271466277;11901.0;15623.0;617.0;22.0;89.0;131.0;18.0;117.0;240.0;7.0;107.0;29.0;454.0;0.5237774774351621;0.6956607263142695;4
46194;Picassent;0.8;76.6;0.6220453210578811;23202.0;13620.0;1382.0;49.0;187.0;306.0;34.0;294.0;512.0;37.0;222.0;80.0;938.0;0.5572894273003794;0.8016597584612699;5
46195;Piles;0.8;76.6;0.6927936648398241;3151.0;12977.0;131.0;5.0;13.0;35.0;3.0;36.0;39.0;10.0;8.0;5.0;104.0;0.5226864031251965;0.6922096343508966;4
46196;Pinet;0.8;76.6;0.7034685607943957;156.0;14560.0;10.0;0.0;3.0;3.0;0.0;0.0;5.0;3.0;0.0;0.0;9.0;0.46272864693784155;0.5025619370033331;3
46197;Polinyà;0.8;76.6;0.660804608678547;2577.0;13072.0;120.0;6.0;11.0;28.0;3.0;31.0;40.0;3.0;13.0;10.0;87.0;0.5200696624142263;0.6839328261121019;4
46198;Potries;0.8;76.6;0.7200708441751646;1135.0;14346.0;51.0;3.0;6.0;10.0;5.0;14.0;12.0;3.0;3.0;3.0;42.0;0.4915850854421142;0.5938354846472164;3
46199;Pobla;0.8;76.6;0.6931405114049052;9255.0;14863.0;458.0;15.0;56.0;107.0;9.0;107.0;164.0;7.0;55.0;33.0;342.0;0.5250120984902696;0.6995658597796766;4
46200;Pobla;0.8;76.6;0.7076971835165992;2451.0;12942.0;46.0;3.0;7.0;12.0;3.0;7.0;17.0;3.0;7.0;3.0;31.0;0.5096164928534799;0.6508692216138855;4
46201;Puebla;-2.0;76.6;0.4825663927657906;53.0;0.0;3.0;0.0;3.0;0.0;0.0;0.0;0.0;0.0;3.0;0.0;3.0;0.3316125442179938;0.0878388294823431;1
46202;Pobla;0.8;76.6;0.6766730466584361;27471.0;15061.0;1469.0;64.0;203.0;301.0;54.0;298.0;549.0;25.0;209.0;113.0;1061.0;0.5437381152480818;0.7587966613379233;4
46203;Pobla;0.8;76.6;0.6590945613905941;4665.0;12875.0;202.0;10.0;26.0;35.0;8.0;58.0;65.0;3.0;23.0;9.0;143.0;0.5314143433455425;0.719816300621121;4
46204;Puig;0.8;76.6;0.737855026410523;9490.0;16616.0;448.0;18.0;61.0;120.0;14.0;70.0;165.0;6.0;53.0;27.0;344.0;0.5103395956441533;0.6531564115942493;4
46205;Puçol;0.8;76.6;0.7158642386287857;21659.0;15632.0;977.0;37.0;121.0;167.0;27.0;238.0;387.0;15.0;115.0;64.0;729.0;0.531411525362393;0.7198073872786371;4
46206;Quesa;0.8;76.6;0.5709232407746678;691.0;11762.0;52.0;3.0;10.0;16.0;0.0;8.0;16.0;3.0;8.0;3.0;38.0;0.5257195333502395;0.7018034917517177;4
46207;Rafelbunyol;0.8;76.6;0.6783316665655208;9974.0;14354.0;504.0;23.0;67.0;88.0;16.0;118.0;192.0;8.0;77.0;27.0;372.0;0.5315013107507396;0.7200913804304518;4
46208;Rafelcofer;0.8;76.6;0.6871725813538798;1409.0;13906.0;64.0;3.0;8.0;13.0;3.0;19.0;22.0;3.0;6.0;8.0;48.0;0.49994816414557935;0.6202880859402431;4
46209;Rafelguaraf;0.8;76.6;0.6396818812461902;2395.0;12414.0;80.0;3.0;13.0;23.0;3.0;16.0;23.0;6.0;17.0;8.0;48.0;0.5216418157829981;0.6889055816857614;4
46210;Ráfol;-2.0;76.6;0.5974700414272855;463.0;12077.0;22.0;3.0;3.0;3.0;0.0;6.0;10.0;0.0;6.0;3.0;13.0;0.5312337598609537;0.7192451111002147;4
46211;Real;0.8;76.6;0.6962529856122945;2722.0;13193.0;118.0;3.0;18.0;30.0;3.0;24.0;40.0;3.0;12.0;8.0;95.0;0.5183312589617287;0.6784342178787147;4
46212;Real;0.8;76.6;0.594911793632195;2497.0;12246.0;134.0;3.0;14.0;30.0;0.0;37.0;51.0;10.0;30.0;9.0;83.0;0.5326811352609611;0.723823191223013;4
46213;Requena;0.8;76.6;0.6151620169940499;20982.0;12868.0;1049.0;35.0;130.0;164.0;45.0;230.0;445.0;125.0;157.0;53.0;659.0;0.560296277273585;0.8111704908493554;5
46214;Riba-roja;0.8;76.6;0.6883328790660805;24616.0;15000.0;1289.0;38.0;157.0;279.0;45.0;265.0;505.0;20.0;155.0;96.0;970.0;0.5419277590197505;0.7530704648970656;4
46215;Riola;0.8;76.6;0.6129413187327705;1820.0;12625.0;91.0;5.0;6.0;21.0;3.0;21.0;35.0;3.0;16.0;7.0;57.0;0.5208186971035614;0.6863020392564694;4
46216;Rocafort;0.8;76.6;0.8968600537623507;7751.0;21958.0;272.0;9.0;39.0;64.0;7.0;45.0;108.0;0.0;22.0;14.0;235.0;0.47269418453194656;0.5340831509001129;3
46217;Rotglà;0.8;76.6;0.6371758389229332;1171.0;12994.0;66.0;5.0;15.0;7.0;3.0;12.0;24.0;0.0;8.0;5.0;48.0;0.5112043018289643;0.6558914962148139;4
46218;Ròtova;0.8;76.6;0.6962109468469095;1283.0;14544.0;44.0;5.0;6.0;11.0;3.0;8.0;12.0;0.0;12.0;3.0;29.0;0.48756066642202867;0.581106159054443;3
46219;Rugat;0.8;76.6;0.841848358020008;165.0;14459.0;3.0;0.0;0.0;3.0;0.0;3.0;0.0;0.0;0.0;3.0;3.0;0.4462942373339732;0.45057953911470716;3
46220;Sagunt/Sagunto;0.8;76.6;0.6256250874393839;73031.0;13986.0;4431.0;185.0;605.0;917.0;173.0;1088.0;1463.0;93.0;443.0;308.0;3116.0;0.5738095788751009;0.8539133600835299;5
46221;Salem;0.8;76.6;0.663993837391178;407.0;12952.0;16.0;3.0;3.0;3.0;0.0;3.0;9.0;0.0;5.0;0.0;11.0;0.4865248984557764;0.5778300022687837;3
46222;Sant;0.8;76.6;0.6744355375994968;527.0;13316.0;17.0;0.0;6.0;6.0;0.0;3.0;3.0;3.0;3.0;3.0;11.0;0.4839709042449325;0.5697516625855568;3
46223;Sedaví;0.8;76.6;0.6147401218345524;10837.0;13431.0;750.0;25.0;93.0;171.0;21.0;124.0;316.0;8.0;110.0;41.0;549.0;0.5499885408355358;0.778566894506738;4
46224;Segart;0.8;76.6;0.6895555381806503;180.0;16825.0;15.0;0.0;3.0;5.0;0.0;3.0;3.0;0.0;3.0;3.0;13.0;0.45441496162067513;0.4762655680740806;3
46225;Sellent;0.8;76.6;0.6346134836693398;383.0;12984.0;29.0;3.0;3.0;8.0;3.0;7.0;10.0;0.0;3.0;3.0;25.0;0.499650893515883;0.6193478124210872;4
46226;Sempere;0.8;76.6;0.40170206539904785;33.0;0.0;3.0;0.0;0.0;3.0;0.0;0.0;3.0;0.0;3.0;0.0;3.0;0.3091041939587519;0.016644424134367185;1
46227;Senyera;0.8;76.6;0.6757284765039941;1114.0;12941.0;40.0;3.0;10.0;7.0;3.0;11.0;9.0;0.0;6.0;3.0;28.0;0.5027856267372797;0.6292630423269416;4
46228;Serra;-2.0;30.7;0.695859142319503;3767.0;15306.0;208.0;5.0;25.0;60.0;3.0;46.0;70.0;6.0;25.0;16.0;160.0;0.535794077830563;0.7336694968194976;4
46229;Siete;0.8;76.6;0.6842031733104748;1289.0;14224.0;62.0;0.0;6.0;16.0;3.0;14.0;22.0;0.0;11.0;3.0;46.0;0.49625726147985877;0.6086136798884116;4
46230;Silla;0.8;76.6;0.5986134468125515;20482.0;13143.0;1383.0;65.0;184.0;296.0;37.0;307.0;494.0;26.0;209.0;67.0;956.0;0.5636362346137462;0.8217348491422407;5
46231;Simat;-2.0;30.7;0.7155219833885906;3311.0;12938.0;126.0;3.0;17.0;26.0;7.0;31.0;43.0;6.0;6.0;3.0;106.0;0.5506037522881757;0.7805128218194683;4
46232;Sinarcas;0.8;76.6;0.6389198367608955;1176.0;13739.0;56.0;0.0;10.0;11.0;3.0;14.0;17.0;9.0;8.0;3.0;35.0;0.4994349141735744;0.6186646650261868;4
46233;Sollana;0.8;76.6;0.6548438338162319;5089.0;13857.0;244.0;10.0;35.0;53.0;8.0;62.0;76.0;7.0;41.0;12.0;164.0;0.5237753034487059;0.6956538499474456;4
46234;Sot;0.8;76.6;0.6712438890382426;427.0;13157.0;25.0;3.0;7.0;3.0;3.0;7.0;6.0;3.0;0.0;3.0;21.0;0.4926466554509694;0.5971932538593183;3
46235;Sueca;0.8;76.6;0.6376948677819344;29194.0;13771.0;1567.0;60.0;205.0;342.0;44.0;330.0;586.0;39.0;237.0;123.0;1062.0;0.5573146447084564;0.8017395216758892;5
46236;Sumacàrcer;0.8;76.6;0.7087998682860414;1013.0;13129.0;42.0;3.0;3.0;15.0;3.0;12.0;11.0;3.0;0.0;3.0;35.0;0.501143307198937;0.6240683496205909;4
46237;Tavernes;0.8;76.6;0.6401480630807185;9824.0;13413.0;515.0;18.0;64.0;110.0;16.0;100.0;207.0;3.0;81.0;38.0;354.0;0.5417696628135861;0.7525704031308317;4
46238;Tavernes;0.8;76.6;0.6633862071455366;17866.0;13324.0;861.0;23.0;108.0;163.0;31.0;233.0;303.0;31.0;85.0;50.0;635.0;0.5514630054256082;0.7832306583316211;4
46239;Teresa;0.8;76.6;0.6968909105864411;620.0;13572.0;21.0;3.0;3.0;5.0;3.0;3.0;8.0;0.0;3.0;3.0;15.0;0.4846062710044379;0.5717613415757922;3
46240;Terrateig;0.8;76.6;0.6933653451521233;290.0;13824.0;13.0;3.0;3.0;3.0;3.0;3.0;5.0;0.0;3.0;3.0;10.0;0.4731028803246428;0.5353758646527471;3
46241;Titaguas;0.8;76.6;0.674017862430192;517.0;14130.0;19.0;0.0;3.0;3.0;0.0;3.0;9.0;3.0;3.0;0.0;12.0;0.4767826318494078;0.547014999401256;3
46242;Torrebaja;0.8;76.6;0.6041310895883171;398.0;14256.0;21.0;3.0;3.0;7.0;0.0;6.0;5.0;5.0;3.0;3.0;11.0;0.47739265747961207;0.5489445238439274;3
46243;Torrella;0.8;76.6;0.7498539444248474;151.0;12243.0;6.0;0.0;3.0;3.0;0.0;3.0;0.0;0.0;0.0;0.0;6.0;0.4784117715515178;0.5521680039966451;3
46244;Torrent;0.8;76.6;0.5675460909892507;90928.0;13142.0;6479.0;252.0;824.0;1291.0;260.0;1484.0;2368.0;182.0;1131.0;521.0;4296.0;0.5910334152767188;0.9083927322410037;5
46245;Torres;0.8;76.6;0.7064481928388675;808.0;16748.0;40.0;3.0;5.0;13.0;3.0;8.0;12.0;3.0;6.0;3.0;27.0;0.4675156784790152;0.5177034227199918;3
46246;Tous;0.8;76.6;0.7359440787225516;1354.0;13829.0;48.0;0.0;8.0;11.0;3.0;5.0;23.0;3.0;3.0;3.0;40.0;0.4960685704053096;0.6080168458827082;4
46247;Tuéjar;0.8;76.6;0.625780129651518;1278.0;13356.0;78.0;3.0;8.0;22.0;3.0;15.0;30.0;8.0;7.0;6.0;55.0;0.510419812457102;0.653410139132297;4
46248;Turís;0.8;76.6;0.6226891608833178;7717.0;12507.0;360.0;14.0;44.0;84.0;7.0;81.0;130.0;27.0;49.0;31.0;231.0;0.5460684912334628;0.7661676916713561;4
46249;Utiel;0.8;76.6;0.606024088084558;11663.0;12313.0;566.0;17.0;63.0;106.0;22.0;121.0;237.0;59.0;102.0;29.0;349.0;0.5565141782500993;0.799207628718504;4
46250;València;0.8;76.6;0.5777598631921965;840792.0;16121.0;47176.0;1351.0;6841.0;10861.0;1241.0;10085.0;16797.0;627.0;3988.0;2859.0;36849.0;0.5954929263951804;0.9224982636799947;5
46251;Vallada;0.8;76.6;0.6578120240506817;3091.0;13068.0;162.0;9.0;14.0;37.0;3.0;30.0;70.0;3.0;24.0;3.0;123.0;0.5256136570850858;0.7014686028037822;4
46252;Vallanca;0.8;76.6;0.7266374124308417;128.0;14769.0;6.0;3.0;0.0;3.0;0.0;0.0;3.0;0.0;3.0;0.0;5.0;0.4504571813710594;0.46374702237330623;3
46253;Vallés;0.8;76.6;0.5870289424487883;161.0;11778.0;6.0;3.0;3.0;0.0;0.0;0.0;3.0;0.0;3.0;0.0;3.0;0.484987984167395;0.5729687086789884;3
46254;Venta;0.8;76.6;0.6469318431842602;1143.0;10856.0;39.0;3.0;3.0;7.0;3.0;14.0;14.0;3.0;5.0;0.0;28.0;0.5322000621179015;0.7223015463243627;4
46255;Vilallonga/Villalonga;-2.0;76.6;0.6774785770249704;4865.0;13020.0;223.0;5.0;33.0;60.0;8.0;45.0;72.0;5.0;27.0;14.0;173.0;0.559428191062076;0.8084247151302405;5
46256;Vilamarxant;0.8;76.6;0.6049060576517531;11403.0;12846.0;771.0;29.0;97.0;172.0;28.0;186.0;259.0;11.0;113.0;52.0;558.0;0.557016766622468;0.8007973267591637;5
46257;Castelló;0.8;76.6;0.6629372084881888;6972.0;13019.0;281.0;11.0;43.0;60.0;10.0;63.0;94.0;14.0;36.0;20.0;194.0;0.5354775544376532;0.7326683263881959;4
46258;Villar;0.8;76.6;0.6554531868126778;3862.0;13378.0;190.0;7.0;17.0;49.0;10.0;39.0;68.0;12.0;29.0;7.0;135.0;0.5246505913701652;0.6984224048330252;4
46259;Villargordo;0.8;76.6;0.6495075224522255;588.0;12006.0;24.0;3.0;3.0;3.0;3.0;10.0;6.0;3.0;3.0;0.0;17.0;0.5056849986344676;0.6384338192042106;4
46260;Vinalesa;0.8;76.6;0.6962080567727278;3572.0;14715.0;146.0;8.0;18.0;35.0;3.0;33.0;50.0;3.0;21.0;7.0;102.0;0.5063815743532121;0.6406371034744778;4
46261;Yátova;0.8;76.6;0.6401235392067046;2325.0;14033.0;113.0;8.0;17.0;28.0;3.0;26.0;32.0;3.0;23.0;12.0;70.0;0.508618978532597;0.6477140619472107;4
46262;Yesa,;0.8;76.6;0.7795196137001688;246.0;14763.0;6.0;0.0;0.0;3.0;3.0;3.0;3.0;0.0;3.0;0.0;5.0;0.4528673215294568;0.4713703485347572;3
46263;Zarra;0.8;76.6;0.602600250865853;374.0;12091.0;20.0;3.0;3.0;8.0;0.0;3.0;5.0;3.0;3.0;3.0;13.0;0.501717528552727;0.6258846243519833;4
46902;Gátova;0.8;76.6;0.49814690548282003;452.0;12031.0;45.0;3.0;9.0;16.0;3.0;3.0;14.0;0.0;7.0;7.0;30.0;0.5242657667556858;0.6972051961404477;4
46903;San;0.8;76.6;0.8190442013498056;11192.0;18273.0;356.0;9.0;35.0;77.0;3.0;66.0;165.0;3.0;41.0;21.0;289.0;0.4961307846176668;0.608213630800392;4
46904;Benicull;0.8;76.6;0.652022694280154;1179.0;13281.0;60.0;3.0;8.0;16.0;3.0;14.0;18.0;3.0;7.0;8.0;43.0;0.5058078562500476;0.6388224205358475;4
