Codigo_municipio;Municipios;Poblacion_total;Renta_media;Total_paro_registrado;Paro_hombre_menor_25;Paro_hombre_25_45;Paro_hombre_45+;Paro_mujer_menor_25;Paro_mujer_25_45;Paro_mujer_45+;Paro_agricultura;Paro_industria;Paro_construccion;Paro_servicios;Demanda_score;Demanda_comedor
46001;Ademuz;1015.0;12544.0;71.0;6.0;9.0;20.0;3.0;17.0;15.0;3.0;8.0;8.0;47.0;0.12958243079880805;2
46002;Ador;1755.0;13447.0;80.0;3.0;10.0;21.0;3.0;16.0;31.0;3.0;11.0;8.0;59.0;0.11758558837293077;2
46003;Atzeneta;1193.0;12812.0;70.0;3.0;6.0;17.0;3.0;10.0;32.0;0.0;25.0;3.0;40.0;0.12597592779850914;2
46004;Agullent;2438.0;12589.0;134.0;3.0;13.0;30.0;0.0;17.0;72.0;3.0;45.0;3.0;81.0;0.1300095261873326;2
46005;Alaquàs;30166.0;12930.0;2247.0;102.0;285.0;432.0;77.0;457.0;894.0;23.0;316.0;139.0;1553.0;0.15316005032838517;2
46006;Albaida;6322.0;12789.0;384.0;13.0;44.0;77.0;7.0;77.0;166.0;3.0;108.0;15.0;230.0;0.130782594993642;2
46007;Albal;17365.0;13249.0;1158.0;53.0;145.0;240.0;32.0;233.0;455.0;21.0;225.0;50.0;801.0;0.13500074210093188;2
46008;Albalat;3523.0;12616.0;172.0;3.0;21.0;37.0;6.0;47.0;57.0;3.0;33.0;11.0;108.0;0.1303499728468067;2
46009;Albalat;4368.0;15015.0;178.0;8.0;24.0;32.0;3.0;44.0;66.0;3.0;25.0;7.0;137.0;0.09792613848721016;2
46010;Albalat;1574.0;15439.0;80.0;3.0;5.0;21.0;3.0;18.0;30.0;0.0;9.0;6.0;63.0;0.09030541300176295;2
46011;Alberic;11099.0;12070.0;580.0;18.0;75.0;103.0;22.0;160.0;202.0;48.0;73.0;41.0;362.0;0.1439722203449373;2
46012;Alborache;1568.0;14152.0;72.0;3.0;3.0;15.0;3.0;24.0;23.0;3.0;6.0;3.0;56.0;0.10781900969358835;2
46013;Alboraia/Alboraya;26273.0;17240.0;1043.0;41.0;137.0;256.0;37.0;164.0;408.0;8.0;146.0;60.0;771.0;0.08267727785811774;2
46014;Albuixech;4482.0;14623.0;222.0;6.0;35.0;50.0;8.0;44.0;79.0;3.0;32.0;14.0;164.0;0.10369556449799774;2
46015;Alcàsser;10772.0;13616.0;537.0;21.0;68.0;114.0;14.0;133.0;187.0;14.0;76.0;40.0;366.0;0.12236881020205687;2
46016;Alcàntera;1468.0;12234.0;58.0;3.0;10.0;17.0;3.0;15.0;11.0;5.0;3.0;6.0;41.0;0.1338691969890697;2
46017;Alzira;48236.0;13445.0;2890.0;119.0;373.0;566.0;114.0;669.0;1049.0;120.0;446.0;145.0;1919.0;0.15802330745849882;2
46018;Alcublas;710.0;12376.0;31.0;0.0;3.0;9.0;0.0;5.0;13.0;3.0;3.0;0.0;26.0;0.13142974034202926;2
46019;Alcúdia,;12587.0;13681.0;496.0;25.0;67.0;106.0;23.0;142.0;133.0;50.0;75.0;25.0;304.0;0.1217807204778714;2
46020;Alcúdia;5548.0;12150.0;345.0;9.0;29.0;79.0;8.0;67.0;153.0;8.0;61.0;27.0;238.0;0.13890605350044258;2
46021;Aldaia;34630.0;12813.0;2304.0;89.0;286.0;490.0;90.0;514.0;835.0;22.0;354.0;166.0;1546.0;0.1568346371056209;2
46022;Alfafar;22270.0;11842.0;1732.0;47.0;224.0;401.0;55.0;374.0;631.0;15.0;230.0;110.0;1273.0;0.16084082136220368;2
46023;Alfauir;515.0;13843.0;22.0;0.0;3.0;10.0;3.0;3.0;6.0;0.0;3.0;0.0;18.0;0.11124104409917128;2
46024;Alfara;624.0;13045.0;37.0;3.0;3.0;7.0;3.0;8.0;14.0;0.0;3.0;3.0;31.0;0.12230975161266507;2
46025;Alfara;3740.0;14463.0;133.0;8.0;13.0;35.0;7.0;29.0;41.0;3.0;16.0;12.0;91.0;0.10486218456425751;2
46026;Alfarb;1763.0;13795.0;53.0;3.0;11.0;10.0;3.0;12.0;14.0;3.0;10.0;5.0;31.0;0.11260498148197381;2
46027;Alfarrasí;1173.0;13734.0;49.0;3.0;8.0;9.0;3.0;11.0;19.0;3.0;14.0;3.0;30.0;0.1131939593681187;2
46028;Algar;565.0;15075.0;26.0;3.0;5.0;7.0;3.0;3.0;8.0;0.0;3.0;3.0;17.0;0.09446066589729166;2
46029;Algemesí;28306.0;13257.0;1443.0;67.0;202.0;292.0;73.0;366.0;443.0;80.0;276.0;92.0;865.0;0.14121174474258774;2
46030;Algímia;1115.0;14109.0;49.0;3.0;3.0;10.0;3.0;13.0;19.0;3.0;3.0;3.0;37.0;0.10804984716133768;2
46031;Alginet;14844.0;13188.0;671.0;27.0;105.0;134.0;23.0;178.0;204.0;27.0;95.0;35.0;454.0;0.13080542405584056;2
46032;Almàssera;7887.0;14815.0;429.0;14.0;50.0;86.0;17.0;94.0;168.0;8.0;69.0;31.0;303.0;0.10404243042612048;2
46033;Almiserà;278.0;12798.0;14.0;3.0;3.0;6.0;0.0;3.0;3.0;3.0;3.0;0.0;11.0;0.12536590645316142;2
46034;Almoines;2664.0;12571.0;147.0;10.0;26.0;34.0;3.0;34.0;40.0;3.0;15.0;10.0;118.0;0.13044631401789872;2
46035;Almussafes;9070.0;15900.0;474.0;14.0;64.0;113.0;10.0;95.0;178.0;5.0;117.0;13.0;318.0;0.09002232794457037;2
46036;Alpuente;688.0;13321.0;17.0;0.0;3.0;5.0;0.0;3.0;6.0;0.0;3.0;3.0;11.0;0.11839217424250785;2
46037;Alqueria;1547.0;13197.0;94.0;3.0;15.0;26.0;0.0;19.0;30.0;0.0;7.0;9.0;76.0;0.12104568868165222;2
46038;Andilla;338.0;16512.0;19.0;0.0;5.0;6.0;3.0;3.0;6.0;3.0;3.0;3.0;12.0;0.07468738301816759;2
46039;Anna;2600.0;12848.0;105.0;3.0;18.0;30.0;3.0;17.0;36.0;5.0;19.0;10.0;69.0;0.12628286745043954;2
46040;Antella;1130.0;13577.0;38.0;3.0;9.0;8.0;3.0;7.0;11.0;3.0;3.0;3.0;28.0;0.11523035302667854;2
46041;Aras;401.0;13394.0;9.0;0.0;3.0;3.0;3.0;3.0;0.0;0.0;3.0;3.0;6.0;0.11722458110009197;2
46042;Aielo;4624.0;12935.0;160.0;6.0;17.0;37.0;5.0;31.0;64.0;12.0;54.0;7.0;83.0;0.12628274965610214;2
46043;Aielo;160.0;18555.0;3.0;0.0;3.0;3.0;0.0;0.0;0.0;3.0;0.0;0.0;3.0;0.04657583109427318;2
46044;Ayora;5282.0;12901.0;329.0;9.0;36.0;53.0;17.0;73.0;141.0;12.0;47.0;17.0;241.0;0.12841498347332625;2
46045;Barxeta;1578.0;13155.0;49.0;3.0;7.0;9.0;3.0;13.0;17.0;3.0;6.0;5.0;37.0;0.12124902249316091;2
46046;Barx;1501.0;14546.0;66.0;3.0;8.0;24.0;3.0;12.0;18.0;5.0;3.0;11.0;47.0;0.10236122642014463;2
46047;Bèlgida;651.0;12121.0;32.0;3.0;3.0;8.0;3.0;8.0;11.0;3.0;11.0;3.0;15.0;0.13490109150429183;2
46048;Bellreguard;5032.0;13207.0;274.0;14.0;28.0;70.0;9.0;54.0;99.0;5.0;14.0;19.0;233.0;0.1236787344215104;2
46049;Bellús;317.0;12041.0;18.0;3.0;3.0;5.0;3.0;3.0;6.0;0.0;3.0;3.0;11.0;0.135756209446572;2
46050;Benagéber;176.0;15598.0;3.0;0.0;0.0;0.0;0.0;3.0;3.0;0.0;0.0;0.0;3.0;0.08698139426454492;2
46051;Benaguasil;12668.0;12636.0;815.0;27.0;104.0;194.0;29.0;184.0;277.0;18.0;135.0;80.0;547.0;0.13879164351504183;2
46052;Benavites;652.0;13395.0;18.0;0.0;6.0;3.0;0.0;3.0;7.0;0.0;3.0;3.0;14.0;0.11737678705808306;2
46053;Beneixida;659.0;15662.0;23.0;0.0;5.0;5.0;3.0;7.0;5.0;3.0;3.0;3.0;18.0;0.08644891295101123;2
46054;Benetússer;16734.0;12553.0;1113.0;33.0;157.0;218.0;30.0;231.0;444.0;11.0;145.0;65.0;815.0;0.14390311005304046;2
46055;Beniarjó;1964.0;12779.0;101.0;6.0;10.0;29.0;3.0;17.0;35.0;3.0;13.0;11.0;76.0;0.1269647318122709;2
46056;Beniatjar;209.0;13340.0;9.0;0.0;3.0;3.0;0.0;3.0;3.0;3.0;3.0;0.0;6.0;0.11789384637407316;2
46057;Benicolet;610.0;12490.0;11.0;0.0;3.0;3.0;3.0;3.0;3.0;3.0;3.0;3.0;8.0;0.12966696304694827;2
46058;Benifairó;2359.0;12789.0;87.0;5.0;18.0;12.0;3.0;25.0;25.0;3.0;10.0;5.0;61.0;0.1268503414650629;2
46059;Benifairó;1588.0;15321.0;52.0;3.0;9.0;13.0;3.0;7.0;17.0;5.0;5.0;3.0;35.0;0.091685168125632;2
46060;Benifaió;12262.0;14465.0;674.0;22.0;81.0;163.0;20.0;142.0;246.0;14.0;153.0;46.0;401.0;0.11246264232525784;2
46061;Beniflá;505.0;12559.0;33.0;0.0;3.0;3.0;3.0;6.0;19.0;0.0;3.0;3.0;30.0;0.1288733250896009;2
46062;Benigànim;5759.0;12661.0;270.0;9.0;30.0;68.0;6.0;47.0;110.0;8.0;65.0;10.0;171.0;0.13136391293570898;2
46063;Benimodo;2332.0;13301.0;78.0;5.0;11.0;13.0;3.0;19.0;26.0;3.0;8.0;5.0;52.0;0.11976922510082233;2
46064;Benimuslem;674.0;12479.0;44.0;3.0;3.0;8.0;3.0;13.0;19.0;3.0;7.0;3.0;33.0;0.13011988886027007;2
46065;Beniparrell;2108.0;14835.0;127.0;8.0;13.0;31.0;7.0;23.0;45.0;3.0;17.0;11.0;90.0;0.09914657303552556;2
46066;Benirredrà;1576.0;16284.0;58.0;0.0;11.0;11.0;3.0;11.0;23.0;3.0;3.0;3.0;50.0;0.07857482380510852;2
46067;Benissanó;2449.0;13316.0;156.0;6.0;18.0;37.0;3.0;32.0;61.0;3.0;17.0;18.0;110.0;0.12026738798738541;2
46068;Benissoda;494.0;13240.0;18.0;0.0;3.0;3.0;0.0;3.0;9.0;0.0;8.0;0.0;10.0;0.11943809084637598;2
46069;Benissuera;196.0;14238.0;8.0;0.0;3.0;3.0;0.0;3.0;3.0;0.0;3.0;3.0;3.0;0.10561185205588923;2
46070;Bétera;28560.0;17430.0;1243.0;47.0;160.0;281.0;40.0;209.0;506.0;19.0;112.0;98.0;993.0;0.08259320686670785;2
46071;Bicorp;546.0;12040.0;45.0;0.0;12.0;6.0;0.0;12.0;15.0;3.0;3.0;3.0;35.0;0.13608051053212758;2
46072;Bocairent;4130.0;14321.0;187.0;3.0;22.0;51.0;3.0;28.0;80.0;3.0;48.0;16.0;114.0;0.10739926640589814;2
46073;Bolbaite;1320.0;11939.0;77.0;3.0;9.0;18.0;6.0;9.0;33.0;5.0;12.0;5.0;52.0;0.13800791021401326;2
46074;Bonrepòs;4115.0;13497.0;209.0;7.0;31.0;45.0;8.0;36.0;82.0;3.0;30.0;13.0;156.0;0.11883830574257347;2
46075;Bufali;162.0;12818.0;3.0;0.0;0.0;0.0;0.0;0.0;3.0;0.0;3.0;0.0;3.0;0.12495800021311841;2
46076;Bugarra;774.0;13633.0;20.0;3.0;3.0;7.0;0.0;6.0;3.0;3.0;0.0;3.0;13.0;0.11418561295453657;2
46077;Buñol;9858.0;13525.0;530.0;13.0;66.0;125.0;14.0;109.0;203.0;6.0;111.0;31.0;356.0;0.1232266195337102;2
46078;Burjassot;41299.0;12111.0;3120.0;139.0;471.0;641.0;126.0;713.0;1030.0;34.0;295.0;251.0;2430.0;0.17572398894378077;2
46079;Calles;465.0;13720.0;40.0;3.0;3.0;12.0;0.0;8.0;14.0;0.0;3.0;3.0;32.0;0.11305630467156468;2
46080;Camporrobles;1183.0;11909.0;54.0;3.0;3.0;10.0;3.0;16.0;23.0;7.0;3.0;5.0;37.0;0.13817388671233588;2
46081;Canals;13746.0;11984.0;939.0;22.0;90.0;202.0;17.0;160.0;448.0;31.0;219.0;65.0;575.0;0.14913557802631627;2
46082;Canet;8297.0;16891.0;283.0;12.0;37.0;60.0;9.0;65.0;100.0;3.0;22.0;15.0;211.0;0.0745875645705135;2
46083;Carcaixent;21934.0;12600.0;1221.0;47.0;161.0;218.0;46.0;297.0;452.0;46.0;181.0;76.0;809.0;0.1460320884117655;2
46084;Càrcer;1795.0;12847.0;73.0;3.0;9.0;11.0;3.0;23.0;24.0;6.0;10.0;3.0;49.0;0.12573797631077757;2
46085;Carlet;16857.0;12565.0;894.0;41.0;128.0;171.0;42.0;251.0;261.0;90.0;106.0;37.0;549.0;0.14192617150943224;2
46086;Carrícola;97.0;0.0;3.0;0.0;0.0;0.0;0.0;0.0;3.0;0.0;0.0;0.0;3.0;0.3000600468873552;3
46087;Casas;118.0;12068.0;6.0;3.0;0.0;3.0;0.0;3.0;3.0;0.0;3.0;0.0;3.0;0.1352145722590474;2
46088;Casas;158.0;12032.0;11.0;0.0;3.0;3.0;0.0;3.0;5.0;0.0;3.0;0.0;9.0;0.1357630870280779;2
46089;Casinos;3153.0;12972.0;178.0;6.0;19.0;41.0;8.0;35.0;69.0;5.0;26.0;13.0;130.0;0.1254049968395632;2
46090;Castelló;2345.0;12008.0;63.0;3.0;8.0;9.0;0.0;13.0;29.0;3.0;14.0;0.0;46.0;0.13731222358094383;2
46091;Castellonet;159.0;16176.0;12.0;0.0;3.0;3.0;0.0;3.0;3.0;0.0;0.0;3.0;11.0;0.07915474447270231;2
46092;Castielfabib;284.0;11948.0;14.0;3.0;0.0;5.0;0.0;3.0;3.0;0.0;3.0;3.0;10.0;0.13698112680723784;2
46093;Catadau;3005.0;12991.0;118.0;7.0;16.0;31.0;3.0;26.0;34.0;7.0;22.0;8.0;75.0;0.12458386974901275;2
46094;Catarroja;30604.0;13260.0;2026.0;63.0;250.0;421.0;64.0;459.0;769.0;26.0;296.0;126.0;1446.0;0.1469338900547016;2
46095;Caudete;725.0;11940.0;34.0;3.0;8.0;7.0;3.0;7.0;8.0;3.0;6.0;0.0;24.0;0.13741735577042927;2
46096;Cerdà;370.0;12030.0;24.0;0.0;8.0;3.0;0.0;5.0;7.0;0.0;3.0;3.0;16.0;0.13597628042466903;2
46097;Cofrentes;1113.0;16606.0;24.0;0.0;3.0;6.0;3.0;3.0;11.0;0.0;3.0;3.0;21.0;0.07372203247679775;2
46098;Corbera;3266.0;12691.0;148.0;8.0;14.0;33.0;10.0;35.0;48.0;3.0;25.0;3.0;106.0;0.12903009680348337;2
46099;Cortes;727.0;15837.0;28.0;3.0;3.0;8.0;3.0;3.0;11.0;3.0;3.0;3.0;22.0;0.08412464209122524;2
46100;Cotes;314.0;14044.0;7.0;0.0;0.0;0.0;0.0;3.0;5.0;0.0;0.0;0.0;7.0;0.10829599094701484;2
46101;Quart;1029.0;13654.0;40.0;3.0;5.0;5.0;0.0;15.0;14.0;0.0;3.0;3.0;34.0;0.11415926497178068;2
46102;Quart;26967.0;13132.0;1790.0;64.0;223.0;362.0;52.0;368.0;721.0;9.0;220.0;117.0;1349.0;0.14538396071777313;2
46103;Quartell;1810.0;15024.0;50.0;3.0;3.0;6.0;0.0;15.0;22.0;0.0;3.0;7.0;37.0;0.09580516798725186;2
46104;Quatretonda;2174.0;13703.0;81.0;3.0;13.0;11.0;3.0;25.0;29.0;3.0;9.0;3.0;63.0;0.11424598285759066;2
46105;Cullera;24702.0;12929.0;1357.0;41.0;188.0;325.0;42.0;246.0;515.0;34.0;151.0;87.0;996.0;0.1436779124514104;2
46106;Chelva;1863.0;14156.0;132.0;5.0;26.0;28.0;6.0;24.0;43.0;8.0;9.0;8.0;96.0;0.10837835106152498;2
46107;Chella;2452.0;12201.0;158.0;3.0;21.0;44.0;3.0;32.0;55.0;6.0;13.0;18.0;111.0;0.1355190440168019;2
46108;Chera;508.0;13377.0;34.0;6.0;10.0;8.0;0.0;3.0;7.0;5.0;5.0;3.0;20.0;0.11770699316869125;2
46109;Cheste;8951.0;13434.0;410.0;5.0;68.0;85.0;17.0;103.0;132.0;20.0;56.0;37.0;262.0;0.12312881221503662;2
46110;Xirivella;32093.0;11830.0;2056.0;97.0;299.0;445.0;74.0;421.0;720.0;32.0;284.0;154.0;1389.0;0.16725683994934226;2
46111;Chiva;17951.0;15381.0;864.0;32.0;114.0;171.0;29.0;196.0;322.0;23.0;142.0;38.0;594.0;0.10358870181497923;2
46112;Chulilla;710.0;14279.0;35.0;3.0;3.0;10.0;3.0;9.0;11.0;3.0;7.0;3.0;22.0;0.10546402022421539;2
46113;Daimús;3524.0;15478.0;163.0;7.0;30.0;37.0;3.0;23.0;63.0;3.0;24.0;7.0;128.0;0.09117209781431071;2
46114;Domeño;723.0;14197.0;44.0;3.0;5.0;3.0;3.0;13.0;19.0;3.0;3.0;3.0;35.0;0.10666528930813793;2
46115;Dos;340.0;12709.0;24.0;3.0;3.0;3.0;3.0;6.0;6.0;0.0;9.0;3.0;14.0;0.12668877506561765;2
46116;Eliana,;19839.0;18983.0;789.0;23.0;105.0;209.0;19.0;137.0;296.0;3.0;105.0;30.0;629.0;0.05441430355279616;2
46117;Emperador;700.0;15240.0;29.0;3.0;3.0;10.0;3.0;3.0;11.0;3.0;3.0;0.0;24.0;0.09227996775870934;2
46118;Enguera;4807.0;13123.0;295.0;8.0;38.0;65.0;7.0;46.0;131.0;12.0;48.0;20.0;201.0;0.12492415511661488;2
46119;Énova,;952.0;12681.0;35.0;3.0;7.0;6.0;0.0;6.0;15.0;3.0;8.0;3.0;22.0;0.1273829568716334;2
46120;Estivella;1710.0;15514.0;63.0;3.0;9.0;15.0;0.0;7.0;30.0;3.0;7.0;3.0;50.0;0.08918511410220883;2
46121;Estubeny;110.0;14352.0;3.0;0.0;3.0;0.0;0.0;0.0;3.0;0.0;0.0;0.0;3.0;0.10398125336451257;2
46122;Faura;3753.0;13288.0;145.0;3.0;20.0;28.0;3.0;34.0;58.0;3.0;18.0;6.0;106.0;0.12102194432309499;2
46123;Favara;2776.0;12643.0;128.0;3.0;19.0;26.0;5.0;22.0;52.0;3.0;19.0;10.0;94.0;0.12934148132811957;2
46124;Fontanars;936.0;13696.0;37.0;3.0;6.0;5.0;0.0;7.0;16.0;3.0;3.0;3.0;22.0;0.11352682255765652;2
46125;Fortaleny;1024.0;14047.0;54.0;0.0;7.0;11.0;3.0;8.0;24.0;3.0;9.0;0.0;42.0;0.10890684389548254;2
46126;Foios;7995.0;15115.0;353.0;10.0;36.0;86.0;8.0;78.0;135.0;9.0;58.0;18.0;252.0;0.09933783611966025;2
46127;Font;4020.0;12485.0;217.0;9.0;22.0;52.0;6.0;65.0;63.0;3.0;7.0;26.0;173.0;0.13269863607798327;2
46128;Font;2022.0;12635.0;110.0;3.0;10.0;16.0;5.0;22.0;55.0;6.0;18.0;3.0;80.0;0.12902912886827986;2
46129;Fuenterrobles;678.0;10769.0;32.0;0.0;3.0;6.0;3.0;6.0;16.0;3.0;3.0;0.0;24.0;0.15338235293095392;2
46130;Gavarda;1023.0;12883.0;38.0;0.0;8.0;6.0;3.0;10.0;12.0;3.0;5.0;5.0;24.0;0.12467391260083015;2
46131;Gandia;83135.0;12511.0;5237.0;201.0;703.0;1151.0;167.0;1073.0;1942.0;125.0;395.0;349.0;4222.0;0.20313616954275496;2
46132;Genovés,;2822.0;12429.0;126.0;8.0;14.0;18.0;3.0;31.0;53.0;3.0;22.0;10.0;88.0;0.13226470019779596;2
46133;Gestalgar;587.0;14415.0;32.0;0.0;3.0;7.0;0.0;13.0;9.0;3.0;6.0;3.0;23.0;0.10353660364695934;2
46134;Gilet;4011.0;15222.0;170.0;5.0;19.0;32.0;5.0;36.0;73.0;3.0;19.0;11.0;130.0;0.09490280106452663;2
46135;Godella;13533.0;19567.0;541.0;19.0;72.0;148.0;11.0;111.0;180.0;3.0;56.0;40.0;433.0;0.042082649277631244;2
46136;Godelleta;4266.0;13332.0;194.0;3.0;22.0;55.0;9.0;28.0;77.0;7.0;40.0;12.0;120.0;0.12101930387205417;2
46137;Granja;306.0;13957.0;3.0;0.0;0.0;0.0;0.0;3.0;3.0;0.0;0.0;0.0;3.0;0.10944785378973926;2
46138;Guadasséquies;478.0;13470.0;20.0;3.0;3.0;3.0;3.0;7.0;5.0;3.0;3.0;0.0;13.0;0.11630697702606883;2
46139;Guadassuar;6039.0;14140.0;191.0;3.0;27.0;48.0;8.0;41.0;65.0;6.0;41.0;19.0;117.0;0.11058722826391969;2
46140;Guardamar;622.0;15997.0;26.0;3.0;6.0;9.0;0.0;3.0;9.0;3.0;0.0;3.0;23.0;0.08188422820172264;2
46141;Higueruelas;567.0;14050.0;27.0;3.0;3.0;5.0;0.0;6.0;13.0;3.0;3.0;0.0;19.0;0.10847386604871094;2
46142;Jalance;808.0;14860.0;24.0;0.0;6.0;3.0;0.0;5.0;9.0;0.0;3.0;3.0;17.0;0.09746783808206645;2
46143;Xeraco;6149.0;12681.0;223.0;11.0;27.0;55.0;7.0;55.0;68.0;8.0;10.0;17.0;183.0;0.13083131080160687;2
46144;Jarafuel;788.0;14155.0;31.0;3.0;3.0;7.0;3.0;5.0;11.0;3.0;3.0;0.0;28.0;0.10715207894083288;2
46145;Xàtiva;31008.0;13976.0;1944.0;63.0;267.0;408.0;61.0;403.0;742.0;61.0;238.0;121.0;1394.0;0.13660045938963536;2
46146;Xeresa;2418.0;13767.0;63.0;3.0;17.0;14.0;3.0;15.0;14.0;3.0;5.0;3.0;54.0;0.11330602707732428;2
46147;Llíria;25333.0;13245.0;1748.0;70.0;261.0;367.0;65.0;387.0;598.0;42.0;185.0;147.0;1257.0;0.14290096926423027;2
46148;Loriguilla;2188.0;14423.0;131.0;10.0;12.0;24.0;6.0;31.0;48.0;6.0;9.0;6.0;100.0;0.10483796105434229;2
46149;Losa;531.0;12711.0;24.0;3.0;3.0;3.0;0.0;5.0;10.0;3.0;3.0;3.0;19.0;0.1267296002026119;2
46150;Llutxent;2314.0;11614.0;81.0;3.0;11.0;22.0;0.0;18.0;27.0;3.0;7.0;9.0;64.0;0.142836786474142;2
46151;Llocnou;944.0;12823.0;38.0;3.0;6.0;7.0;3.0;8.0;14.0;3.0;0.0;3.0;32.0;0.1254654716814234;2
46152;Llocnou;132.0;13251.0;11.0;0.0;0.0;3.0;3.0;3.0;5.0;0.0;3.0;3.0;8.0;0.11909928779085942;2
46153;Llocnou;594.0;13960.0;26.0;0.0;3.0;6.0;0.0;5.0;13.0;3.0;3.0;3.0;22.0;0.10970464111899897;2
46154;Llanera;1062.0;11687.0;73.0;8.0;9.0;16.0;3.0;12.0;26.0;3.0;13.0;6.0;46.0;0.14132487511747097;2
46155;Llaurí;1226.0;12981.0;64.0;3.0;11.0;23.0;3.0;12.0;15.0;3.0;9.0;6.0;47.0;0.12362787562899868;2
46156;Llombai;2791.0;13081.0;104.0;3.0;8.0;26.0;3.0;26.0;37.0;11.0;14.0;3.0;74.0;0.1231591885609623;2
46157;Llosa;3765.0;12451.0;155.0;3.0;17.0;23.0;5.0;34.0;72.0;3.0;15.0;12.0;115.0;0.13254648258715498;2
46158;Macastre;1461.0;13100.0;94.0;3.0;7.0;27.0;6.0;22.0;29.0;0.0;16.0;3.0;62.0;0.12234026063725183;2
46159;Manises;32609.0;12640.0;2404.0;102.0;304.0;501.0;96.0;517.0;884.0;32.0;290.0;141.0;1810.0;0.1593250232906522;2
46160;Manuel;2560.0;12885.0;134.0;3.0;16.0;28.0;3.0;31.0;55.0;7.0;21.0;10.0;93.0;0.12600897241229866;2
46161;Marines;1967.0;13725.0;96.0;3.0;8.0;28.0;3.0;22.0;35.0;3.0;12.0;3.0;79.0;0.11399873341538136;2
46162;Massalavés;1905.0;11316.0;104.0;3.0;11.0;21.0;3.0;31.0;36.0;3.0;15.0;3.0;68.0;0.14695727610808493;2
46163;Massalfassar;2716.0;16002.0;114.0;3.0;20.0;26.0;3.0;22.0;44.0;3.0;18.0;3.0;86.0;0.08330921076004619;2
46164;Massamagrell;17566.0;13161.0;967.0;38.0;127.0;218.0;36.0;181.0;367.0;19.0;123.0;78.0;694.0;0.13465528796044948;2
46165;Massanassa;10607.0;13889.0;630.0;19.0;82.0;125.0;19.0;143.0;242.0;3.0;85.0;42.0;457.0;0.11936862579209218;2
46166;Meliana;11055.0;14462.0;593.0;23.0;77.0;136.0;14.0;117.0;226.0;10.0;68.0;37.0;443.0;0.11138617439890944;2
46167;Millares;321.0;12836.0;44.0;0.0;3.0;7.0;3.0;7.0;25.0;3.0;3.0;3.0;37.0;0.12511644279059206;2
46168;Miramar;3143.0;13899.0;140.0;5.0;23.0;30.0;3.0;28.0;53.0;5.0;12.0;5.0;116.0;0.1124141431524362;2
46169;Mislata;47079.0;13573.0;2797.0;69.0;377.0;581.0;77.0;590.0;1103.0;24.0;281.0;190.0;2042.0;0.15507315271326672;2
46170;Moixent/Mogente;4401.0;12456.0;250.0;5.0;27.0;45.0;7.0;55.0;111.0;12.0;47.0;7.0;177.0;0.1335105935694693;2
46171;Montcada/Moncada;22213.0;13836.0;1179.0;47.0;167.0;267.0;48.0;200.0;450.0;15.0;138.0;100.0;841.0;0.12888874027039124;2
46172;Montserrat;10062.0;13153.0;556.0;10.0;58.0;146.0;10.0;129.0;203.0;15.0;85.0;54.0;393.0;0.1286022892180315;2
46173;Montaverner;1624.0;12836.0;103.0;3.0;19.0;28.0;0.0;13.0;41.0;3.0;39.0;5.0;52.0;0.1260816159480735;2
46174;Montesa;1128.0;12446.0;66.0;3.0;7.0;6.0;3.0;19.0;31.0;3.0;7.0;5.0;47.0;0.13091927524453553;2
46175;Montitxelvo/Montichelvo;556.0;13335.0;22.0;0.0;6.0;5.0;3.0;6.0;3.0;0.0;3.0;6.0;13.0;0.11819619597948225;2
46176;Montroi/Montroy;3792.0;11987.0;214.0;6.0;27.0;57.0;5.0;49.0;70.0;6.0;40.0;22.0;141.0;0.139395745898433;2
46177;Museros;6871.0;14455.0;381.0;17.0;47.0;78.0;11.0;94.0;134.0;3.0;56.0;26.0;274.0;0.10819140921603636;2
46178;Nàquera/Náquera;8556.0;15626.0;412.0;17.0;46.0;85.0;17.0;87.0;160.0;5.0;51.0;33.0;318.0;0.09305674874317493;2
46179;Navarrés;3027.0;11852.0;170.0;3.0;16.0;34.0;3.0;49.0;66.0;6.0;29.0;8.0;122.0;0.14059414819501;2
46180;Novetlè;872.0;15022.0;39.0;0.0;5.0;15.0;0.0;6.0;13.0;3.0;3.0;3.0;29.0;0.09540454067657511;2
46181;Oliva;26813.0;12866.0;1556.0;39.0;200.0;345.0;56.0;371.0;545.0;68.0;100.0;151.0;1184.0;0.1469791636007075;2
46182;Olocau;2534.0;15763.0;133.0;5.0;16.0;38.0;3.0;23.0;47.0;3.0;16.0;8.0;99.0;0.08667069556267189;2
46183;Olleria,;8818.0;12575.0;477.0;16.0;46.0;99.0;14.0;94.0;208.0;14.0;122.0;22.0;287.0;0.1353854839595882;2
46184;Ontinyent;37012.0;13307.0;2387.0;63.0;295.0;489.0;75.0;464.0;1001.0;74.0;572.0;132.0;1414.0;0.15163904914771245;2
46185;Otos;442.0;12504.0;21.0;0.0;3.0;5.0;0.0;5.0;8.0;0.0;3.0;3.0;16.0;0.12950053418994537;2
46186;Paiporta;28136.0;13675.0;1742.0;61.0;206.0;368.0;48.0;356.0;703.0;20.0;299.0;110.0;1251.0;0.1379753723989658;2
46187;Palma;1897.0;12985.0;81.0;3.0;11.0;20.0;3.0;19.0;26.0;0.0;8.0;5.0;67.0;0.12395678405273305;2
46188;Palmera;1038.0;12843.0;49.0;0.0;9.0;11.0;0.0;11.0;18.0;0.0;3.0;3.0;43.0;0.1253190303202443;2
46189;Palomar,;593.0;13652.0;31.0;0.0;7.0;3.0;0.0;6.0;14.0;0.0;12.0;0.0;18.0;0.11395471226894445;2
46190;Paterna;76019.0;14451.0;4714.0;153.0;653.0;981.0;150.0;1090.0;1687.0;42.0;451.0;411.0;3665.0;0.16965753053099636;2
46191;Pedralba;3225.0;12052.0;197.0;6.0;18.0;61.0;6.0;40.0;66.0;12.0;29.0;17.0;128.0;0.13816123653669768;2
46192;Petrés;1124.0;13583.0;58.0;3.0;3.0;18.0;3.0;12.0;20.0;0.0;5.0;3.0;47.0;0.11531581526050716;2
46193;Picanya;11901.0;15623.0;617.0;22.0;89.0;131.0;18.0;117.0;240.0;7.0;107.0;29.0;454.0;0.09602942557508569;2
46194;Picassent;23202.0;13620.0;1382.0;49.0;187.0;306.0;34.0;294.0;512.0;37.0;222.0;80.0;938.0;0.1339139244574681;2
46195;Piles;3151.0;12977.0;131.0;5.0;13.0;35.0;3.0;36.0;39.0;10.0;8.0;5.0;104.0;0.12493746327845245;2
46196;Pinet;156.0;14560.0;10.0;0.0;3.0;3.0;0.0;0.0;5.0;3.0;0.0;0.0;9.0;0.10121522980406553;2
46197;Polinyà;2577.0;13072.0;120.0;6.0;11.0;28.0;3.0;31.0;40.0;3.0;13.0;10.0;87.0;0.12334145620239678;2
46198;Potries;1135.0;14346.0;51.0;3.0;6.0;10.0;5.0;14.0;12.0;3.0;3.0;3.0;42.0;0.10483594124743639;2
46199;Pobla;9255.0;14863.0;458.0;15.0;56.0;107.0;9.0;107.0;164.0;7.0;55.0;33.0;342.0;0.10412063194362006;2
46200;Pobla;2451.0;12942.0;46.0;3.0;7.0;12.0;3.0;7.0;17.0;3.0;7.0;3.0;31.0;0.12444517895436309;2
46201;Puebla;53.0;0.0;3.0;0.0;3.0;0.0;0.0;0.0;0.0;0.0;3.0;0.0;3.0;0.3000443474040109;3
46202;Pobla;27471.0;15061.0;1469.0;64.0;203.0;301.0;54.0;298.0;549.0;25.0;209.0;113.0;1061.0;0.11648720897659763;2
46203;Pobla;4665.0;12875.0;202.0;10.0;26.0;35.0;8.0;58.0;65.0;3.0;23.0;9.0;143.0;0.1274732387873905;2
46204;Puig;9490.0;16616.0;448.0;18.0;61.0;120.0;14.0;70.0;165.0;6.0;53.0;27.0;344.0;0.08016942388645565;2
46205;Puçol;21659.0;15632.0;977.0;37.0;121.0;167.0;27.0;238.0;387.0;15.0;115.0;64.0;729.0;0.10244058031990194;2
46206;Quesa;691.0;11762.0;52.0;3.0;10.0;16.0;0.0;8.0;16.0;3.0;8.0;3.0;38.0;0.13998975980273826;2
46207;Rafelbunyol;9974.0;14354.0;504.0;23.0;67.0;88.0;16.0;118.0;192.0;8.0;77.0;27.0;372.0;0.11172138986471526;2
46208;Rafelcofer;1409.0;13906.0;64.0;3.0;8.0;13.0;3.0;19.0;22.0;3.0;6.0;8.0;48.0;0.11105540820535839;2
46209;Rafelguaraf;2395.0;12414.0;80.0;3.0;13.0;23.0;3.0;16.0;23.0;6.0;17.0;8.0;48.0;0.1319272517171821;2
46210;Ráfol;463.0;12077.0;22.0;3.0;3.0;3.0;0.0;6.0;10.0;0.0;6.0;3.0;13.0;0.13535037066344457;2
46211;Real;2722.0;13193.0;118.0;3.0;18.0;30.0;3.0;24.0;40.0;3.0;12.0;8.0;95.0;0.12172307933586612;2
46212;Real;2497.0;12246.0;134.0;3.0;14.0;30.0;0.0;37.0;51.0;10.0;30.0;9.0;83.0;0.1347167969129132;2
46213;Requena;20982.0;12868.0;1049.0;35.0;130.0;164.0;45.0;230.0;445.0;125.0;157.0;53.0;659.0;0.14057250436020882;2
46214;Riba-roja;24616.0;15000.0;1289.0;38.0;157.0;279.0;45.0;265.0;505.0;20.0;155.0;96.0;970.0;0.11477573606464062;2
46215;Riola;1820.0;12625.0;91.0;5.0;6.0;21.0;3.0;21.0;35.0;3.0;16.0;7.0;57.0;0.12893257956853055;2
46216;Rocafort;7751.0;21958.0;272.0;9.0;39.0;64.0;7.0;45.0;108.0;0.0;22.0;14.0;235.0;0.005071864132696592;2
46217;Rotglà;1171.0;12994.0;66.0;5.0;15.0;7.0;3.0;12.0;24.0;0.0;8.0;5.0;48.0;0.12344759724560449;2
46218;Ròtova;1283.0;14544.0;44.0;5.0;6.0;11.0;3.0;8.0;12.0;0.0;12.0;3.0;29.0;0.1021242319827411;2
46219;Rugat;165.0;14459.0;3.0;0.0;0.0;3.0;0.0;3.0;0.0;0.0;0.0;3.0;3.0;0.10253899594439651;2
46220;Sagunt/Sagunto;73031.0;13986.0;4431.0;185.0;605.0;917.0;173.0;1088.0;1463.0;93.0;443.0;308.0;3116.0;0.17254490532431746;2
46221;Salem;407.0;12952.0;16.0;3.0;3.0;3.0;0.0;3.0;9.0;0.0;5.0;0.0;11.0;0.12332487549974752;2
46222;Sant;527.0;13316.0;17.0;0.0;6.0;6.0;0.0;3.0;3.0;3.0;3.0;3.0;11.0;0.11840304063816913;2
46223;Sedaví;10837.0;13431.0;750.0;25.0;93.0;171.0;21.0;124.0;316.0;8.0;110.0;41.0;549.0;0.12672555827345214;2
46224;Segart;180.0;16825.0;15.0;0.0;3.0;5.0;0.0;3.0;3.0;0.0;3.0;3.0;13.0;0.0703207462994451;2
46225;Sellent;383.0;12984.0;29.0;3.0;3.0;8.0;3.0;7.0;10.0;0.0;3.0;3.0;25.0;0.12298933939596543;2
46226;Sempere;33.0;0.0;3.0;0.0;0.0;3.0;0.0;0.0;3.0;0.0;3.0;0.0;3.0;0.3000372112752181;3
46227;Senyera;1114.0;12941.0;40.0;3.0;10.0;7.0;3.0;11.0;9.0;0.0;6.0;3.0;28.0;0.12393091786562996;2
46228;Serra;3767.0;15306.0;208.0;5.0;25.0;60.0;3.0;46.0;70.0;6.0;25.0;16.0;160.0;0.09399029251585685;2
46229;Siete;1289.0;14224.0;62.0;0.0;6.0;16.0;3.0;14.0;22.0;0.0;11.0;3.0;46.0;0.10665097567403847;2
46230;Silla;20482.0;13143.0;1383.0;65.0;184.0;296.0;37.0;307.0;494.0;26.0;209.0;67.0;956.0;0.13946887680434444;2
46231;Simat;3311.0;12938.0;126.0;3.0;17.0;26.0;7.0;31.0;43.0;6.0;6.0;3.0;106.0;0.1254849932840068;2
46232;Sinarcas;1176.0;13739.0;56.0;0.0;10.0;11.0;3.0;14.0;17.0;9.0;8.0;3.0;35.0;0.11318606976798354;2
46233;Sollana;5089.0;13857.0;244.0;10.0;35.0;53.0;8.0;62.0;76.0;7.0;41.0;12.0;164.0;0.11456411554378321;2
46234;Sot;427.0;13157.0;25.0;3.0;7.0;3.0;3.0;7.0;6.0;3.0;0.0;3.0;21.0;0.12060752008647593;2
46235;Sueca;29194.0;13771.0;1567.0;60.0;205.0;342.0;44.0;330.0;586.0;39.0;237.0;123.0;1062.0;0.13555747342444618;2
46236;Sumacàrcer;1013.0;13129.0;42.0;3.0;3.0;15.0;3.0;12.0;11.0;3.0;0.0;3.0;35.0;0.12134329825048071;2
46237;Tavernes;9824.0;13413.0;515.0;18.0;64.0;110.0;16.0;100.0;207.0;3.0;81.0;38.0;354.0;0.12461749880795324;2
46238;Tavernes;17866.0;13324.0;861.0;23.0;108.0;163.0;31.0;233.0;303.0;31.0;85.0;50.0;635.0;0.13163658903226105;2
46239;Teresa;620.0;13572.0;21.0;3.0;3.0;5.0;3.0;3.0;8.0;0.0;3.0;3.0;15.0;0.1149725528862154;2
46240;Terrateig;290.0;13824.0;13.0;3.0;3.0;3.0;3.0;3.0;5.0;0.0;3.0;3.0;10.0;0.1113440391454084;2
46241;Titaguas;517.0;14130.0;19.0;0.0;3.0;3.0;0.0;3.0;9.0;3.0;3.0;0.0;12.0;0.1072951989070691;2
46242;Torrebaja;398.0;14256.0;21.0;3.0;3.0;7.0;0.0;6.0;5.0;5.0;3.0;3.0;11.0;0.10554822845830888;2
46243;Torrella;151.0;12243.0;6.0;0.0;3.0;3.0;0.0;3.0;0.0;0.0;0.0;0.0;6.0;0.13283541873602414;2
46244;Torrent;90928.0;13142.0;6479.0;252.0;824.0;1291.0;260.0;1484.0;2368.0;182.0;1131.0;521.0;4296.0;0.2078265367543668;2
46245;Torres;808.0;16748.0;40.0;3.0;5.0;13.0;3.0;8.0;12.0;3.0;6.0;3.0;27.0;0.07180880131242327;2
46246;Tous;1354.0;13829.0;48.0;0.0;8.0;11.0;3.0;5.0;23.0;3.0;3.0;3.0;40.0;0.11195213002969268;2
46247;Tuéjar;1278.0;13356.0;78.0;3.0;8.0;22.0;3.0;15.0;30.0;8.0;7.0;6.0;55.0;0.11864171655655771;2
46248;Turís;7717.0;12507.0;360.0;14.0;44.0;84.0;7.0;81.0;130.0;27.0;49.0;31.0;231.0;0.13492965658509248;2
46249;Utiel;11663.0;12313.0;566.0;17.0;63.0;106.0;22.0;121.0;237.0;59.0;102.0;29.0;349.0;0.1407347802541499;2
46250;València;840792.0;16121.0;47176.0;1351.0;6841.0;10861.0;1241.0;10085.0;16797.0;627.0;3988.0;2859.0;36849.0;0.7797477001548411;5
46251;Vallada;3091.0;13068.0;162.0;9.0;14.0;37.0;3.0;30.0;70.0;3.0;24.0;3.0;123.0;0.123935617776266;2
46252;Vallanca;128.0;14769.0;6.0;3.0;0.0;3.0;0.0;0.0;3.0;0.0;3.0;0.0;5.0;0.09831587235732668;2
46253;Vallés;161.0;11778.0;6.0;3.0;3.0;0.0;0.0;0.0;3.0;0.0;3.0;0.0;3.0;0.13919202441768988;2
46254;Venta;1143.0;10856.0;39.0;3.0;3.0;7.0;3.0;14.0;14.0;3.0;5.0;0.0;28.0;0.152418987293856;2
46255;Vilallonga/Villalonga;4865.0;13020.0;223.0;5.0;33.0;60.0;8.0;45.0;72.0;5.0;27.0;14.0;173.0;0.12574160197341908;2
46256;Vilamarxant;11403.0;12846.0;771.0;29.0;97.0;172.0;28.0;186.0;259.0;11.0;113.0;52.0;558.0;0.1350980985531783;2
46257;Castelló;6972.0;13019.0;281.0;11.0;43.0;60.0;10.0;63.0;94.0;14.0;36.0;20.0;194.0;0.12699883106729198;2
46258;Villar;3862.0;13378.0;190.0;7.0;17.0;49.0;10.0;39.0;68.0;12.0;29.0;7.0;135.0;0.12021276598167618;2
46259;Villargordo;588.0;12006.0;24.0;3.0;3.0;3.0;3.0;10.0;6.0;3.0;3.0;0.0;17.0;0.13638196294424115;2
46260;Vinalesa;3572.0;14715.0;146.0;8.0;18.0;35.0;3.0;33.0;50.0;3.0;21.0;7.0;102.0;0.1014695301056416;2
46261;Yátova;2325.0;14033.0;113.0;8.0;17.0;28.0;3.0;26.0;32.0;3.0;23.0;12.0;70.0;0.11006257769092721;2
46262;Yesa,;246.0;14763.0;6.0;0.0;0.0;3.0;3.0;3.0;3.0;0.0;3.0;0.0;5.0;0.09843995019613705;2
46263;Zarra;374.0;12091.0;20.0;3.0;3.0;8.0;0.0;3.0;5.0;3.0;3.0;3.0;13.0;0.13511038286433397;2
46902;Gátova;452.0;12031.0;45.0;3.0;9.0;16.0;3.0;3.0;14.0;0.0;7.0;7.0;30.0;0.13616993274519995;2
46903;San;11192.0;18273.0;356.0;9.0;35.0;77.0;3.0;66.0;165.0;3.0;41.0;21.0;289.0;0.05735797695843109;2
46904;Benicull;1179.0;13281.0;60.0;3.0;8.0;16.0;3.0;14.0;18.0;3.0;7.0;8.0;43.0;0.11947845622943029;2
